20MICRONS,EQ,67,05/01/18,33.1,11/08/17,43105,42958
21STCENMGM,BE,33.4,11/01/18,33.4,11/01/18,43111,43111
3IINFOTECH,EQ,9.2,02/01/18,3.6,11/08/17,43102,42958
3MINDIA,EQ,20100,28/12/17,10705,06/03/17,43097,42800
5PAISA,EQ,408.15,27/12/17,181,05/12/17,43096,43074
63MOONS,EQ,164.9,24/10/17,54,10/08/17,43032,42957
8KMILES,EQ,1029.95,29/11/17,364.7,27/09/17,43068,43005
A2ZINFRA,EQ,52.65,26/04/17,33.55,11/08/17,42851,42958
AARTIDRUGS,EQ,785,09/01/18,447.8,24/05/17,43109,42879
AARTIIND,EQ,1174,05/01/18,653.3,02/03/17,43105,42796
AARVEEDEN,EQ,99.25,16/01/17,26.5,17/08/17,42751,42964
ABAN,EQ,280.7,11/01/18,161,11/08/17,43111,42958
ABB,EQ,1620,10/05/17,1046.45,25/01/17,42865,42760
ABBOTINDIA,EQ,5698.95,11/12/17,3988,29/05/17,43080,42884
ABCAPITAL,EQ,255,01/09/17,173.5,28/09/17,42979,43006
ABFRL,EQ,188.45,13/06/17,138.55,11/01/17,42899,42746
ABGSHIP,BZ,33.9,17/01/17,9.5,09/06/17,42752,42895
ABMINTLTD,BE,202,10/05/17,16.54,30/01/17,42865,42765
ACC,EQ,1869.95,13/09/17,1315,20/01/17,42991,42755
ACCELYA,EQ,1890,06/02/17,1260,17/11/17,42772,43056
ACE,EQ,172.4,11/01/18,46.05,24/01/17,43111,42759
ADANIENT,EQ,203.85,10/01/18,77,23/01/17,43110,42758
ADANIPORTS,EQ,443.3,06/11/17,283.4,20/01/17,43045,42755
ADANIPOWER,EQ,47.8,08/01/18,25.85,30/05/17,43108,42885
ADANITRANS,EQ,248,22/12/17,58.1,16/01/17,43091,42751
ADFFOODS,EQ,347,01/12/17,144.25,28/02/17,43070,42794
ADHUNIK,BE,9.3,20/02/17,3.6,07/09/17,42786,42985
ADHUNIKIND,BE,123.2,28/02/17,34.15,09/10/17,42794,43017
ADLABS,BE,93.5,23/02/17,52.5,23/08/17,42789,42970
ADORWELD,EQ,659,05/10/17,283.85,14/02/17,43013,42780
ADSL,BE,37.1,12/01/17,19,06/10/17,42747,43014
ADVANIHOTR,EQ,87,20/12/17,50.9,13/01/17,43089,42748
ADVENZYMES,EQ,444.98,24/04/17,246,28/09/17,42849,43006
AEGISCHEM,EQ,299.85,11/01/18,127,31/01/17,43111,42766
AFL,EQ,81.65,27/04/17,30.3,06/11/17,42852,43045
AGARIND,BE,790,18/05/17,320.4,27/01/17,42873,42762
AGCNET,BE,170.95,13/12/17,77.55,06/03/17,43082,42800
AGLSL,EQ,154.45,21/07/17,107.8,11/09/17,42937,42989
AGRITECH,EQ,147.45,01/11/17,28.2,09/03/17,43040,42803
AHLEAST,EQ,333,08/01/18,185.05,11/01/17,43108,42746
AHLUCONT,EQ,422,27/12/17,252.35,11/08/17,43096,42958
AHLWEST,BE,334.7,13/11/17,145.55,13/09/17,43052,42991
AIAENG,EQ,1709.75,18/12/17,1273,31/08/17,43087,42978
AICHAMP,BE,34,24/04/17,21.9,22/02/17,42849,42788
AIFL,EQ,570,07/11/17,349,27/04/17,43046,42852
AJANTPHARM,EQ,1852.95,22/03/17,1120.05,28/09/17,42816,43006
AJMERA,EQ,365.85,08/12/17,144.7,11/01/17,43077,42746
AKSHARCHEM,EQ,945,15/05/17,622,08/12/17,42870,43077
AKSHOPTFBR,BE,46.35,08/01/18,16.9,30/06/17,43108,42916
AKZOINDIA,EQ,2089,25/04/17,1328.25,16/01/17,42850,42751
ALANKIT,EQ,88.75,05/01/18,17.4,24/03/17,43105,42818
ALBERTDAVD,EQ,470.8,11/01/18,275,06/10/17,43111,43014
ALBK,EQ,92.4,12/05/17,62.7,23/01/17,42867,42758
ALCHEM,BE,30.5,21/03/17,10.3,12/10/17,42815,43020
ALEMBICLTD,EQ,64.5,10/01/18,33.65,11/08/17,43110,42958
ALICON,EQ,761,09/01/18,363.25,16/02/17,43109,42782
ALKALI,EQ,97.8,31/08/17,55.2,18/08/17,42978,42965
ALKEM,EQ,2469,10/01/18,1578.3,11/08/17,43110,42958
ALKYLAMINE,EQ,764,08/01/18,306.1,16/01/17,43108,42751
ALLCARGO,EQ,228.65,09/01/18,155,11/08/17,43109,42958
ALLSEC,EQ,535,07/11/17,306,18/07/17,43046,42934
ALMONDZ,BE,39.5,01/12/17,12.7,23/03/17,43070,42817
ALOKTEXT,BE,4.7,07/11/17,2.3,20/06/17,43046,42906
ALPA,EQ,56.45,05/01/18,26.8,25/10/17,43105,43033
ALPHAGEO,EQ,1090,26/04/17,750,03/11/17,42851,43042
ALPSINDUS,BE,9.45,27/01/17,4.6,23/11/17,42762,43062
AMARAJABAT,EQ,941,17/05/17,664.55,07/11/17,42872,43046
AMBIKCO,EQ,1859.95,04/01/18,1027.05,20/01/17,43104,42755
AMBUJACEM,EQ,291.5,13/09/17,210.35,11/01/17,42991,42746
AMDIND,EQ,59.45,15/11/17,25.8,28/06/17,43054,42914
AMRUTANJAN,EQ,784.2,12/05/17,530.1,20/03/17,42867,42814
AMTEKAUTO,BE,44,02/05/17,21.2,20/06/17,42857,42906
ANANTRAJ,EQ,84.8,10/01/18,42.25,27/02/17,43110,42793
ANDHRABANK,EQ,76.1,05/05/17,48.55,23/01/17,42860,42758
ANDHRACEMT,EQ,16,09/01/18,7.4,11/01/17,43109,42746
ANDHRSUGAR,EQ,625,31/10/17,220,23/01/17,43039,42758
ANGIND,BE,13.4,11/04/17,5,04/09/17,42836,42982
ANIKINDS,EQ,81.45,03/10/17,23.8,06/07/17,43011,42922
ANSALAPI,EQ,33.65,16/06/17,14.05,31/01/17,42902,42766
ANSALHSG,EQ,36,18/04/17,18.8,27/09/17,42843,43005
ANTGRAPHIC,BE,1.95,16/06/17,0.75,21/11/17,42902,43060
APARINDS,EQ,908.3,31/05/17,613.5,01/02/17,42886,42767
APCL,EQ,296.8,31/08/17,191,11/08/17,42978,42958
APCOTEXIND,EQ,520,07/11/17,301.65,03/02/17,43046,42769
APEX,EQ,939,07/12/17,202,04/09/17,43076,42982
APLAPOLLO,EQ,2376,04/01/18,951.4,11/01/17,43104,42746
APLLTD,EQ,648,10/03/17,469.85,15/09/17,42804,42993
APOLLOHOSP,EQ,1358,09/06/17,957.15,14/11/17,42895,43053
APOLLOTYRE,EQ,288.65,09/01/18,171.6,16/02/17,43109,42782
APOLSINHOT,EQ,1823.2,05/01/18,301,12/01/17,43105,42747
APTECHT,EQ,404.3,24/11/17,178.25,23/05/17,43063,42878
ARCHIDPLY,EQ,126,26/12/17,59.3,12/01/17,43095,42747
ARCHIES,EQ,55.15,21/12/17,22.5,15/02/17,43090,42781
ARCOTECH,EQ,162.59,14/02/17,45.35,03/11/17,42780,43042
ARENTERP,EQ,24.3,09/01/18,16.05,17/11/17,43109,43056
ARIES,BE,292.8,24/10/17,122.7,10/08/17,43032,42957
ARIHANT,BE,64.75,10/05/17,38,22/11/17,42865,43061
ARIHANTSUP,EQ,208.8,05/07/17,100,29/03/17,42921,42823
ARMANFIN,BE,290,27/11/17,171.7,16/01/17,43066,42751
AROGRANITE,EQ,97.9,05/01/18,58.8,11/08/17,43105,42958
ARROWGREEN,EQ,715,07/09/17,415,03/04/17,42985,42828
ARROWTEX,EQ,58.4,09/10/17,37.6,10/07/17,43017,42926
ARSHIYA,EQ,119.95,22/12/17,30.5,11/01/17,43091,42746
ARSSINFRA,BE,86.35,25/04/17,38.3,28/09/17,42850,43006
ARVIND,EQ,478.5,11/01/18,353.25,28/06/17,43111,42914
ARVSMART,EQ,222.95,10/01/18,67.2,21/02/17,43110,42787
ASAHIINDIA,EQ,438,14/09/17,188,23/01/17,42992,42758
ASAHISONG,EQ,425.2,10/01/18,234.75,11/01/17,43110,42746
ASAL,EQ,119.75,09/01/18,61.1,16/01/17,43109,42751
ASHAPURMIN,EQ,119.7,09/01/18,47,11/08/17,43109,42958
ASHIANA,EQ,249.15,03/04/17,137.2,20/01/17,42828,42755
ASHIMASYN,EQ,38.1,11/01/18,14.1,29/03/17,43111,42823
ASHOKA,EQ,268.95,29/11/17,154.1,11/01/17,43068,42746
ASHOKLEY,EQ,133.9,26/10/17,80.75,29/03/17,43034,42823
ASIANHOTNR,EQ,229.95,11/01/18,101.4,31/03/17,43111,42825
ASIANPAINT,EQ,1262,19/09/17,921.5,11/01/17,42997,42746
ASIANTILES,EQ,614.95,08/01/18,235.15,11/01/17,43108,42746
ASPINWALL,EQ,579.5,27/12/17,185.15,25/01/17,43096,42760
ASSAMCO,BE,9.3,09/03/17,3.9,19/09/17,42803,42997
ASTEC,EQ,684,04/05/17,477.05,31/10/17,42859,43039
ASTRAL,EQ,868,09/01/18,375.2,24/01/17,43109,42759
ASTRAMICRO,EQ,149.25,09/06/17,100.9,08/11/17,42895,43047
ASTRAZEN,EQ,1278,07/11/17,880.2,22/08/17,43046,42969
ASTRON,EQ,174,10/01/18,112.5,29/12/17,43110,43098
ATFL,EQ,768,18/12/17,447,18/01/17,43087,42753
ATLANTA,EQ,127.8,08/01/18,71.95,23/01/17,43108,42758
ATLASCYCLE,BE,347.5,16/01/17,135.63,02/06/17,42751,42888
ATUL,EQ,3025,10/01/18,1945.4,05/05/17,43110,42860
ATULAUTO,EQ,512,18/09/17,389.3,28/06/17,42996,42914
AUBANK,EQ,737,13/12/17,496.25,07/08/17,43082,42954
AURIONPRO,EQ,287.7,04/01/18,103.1,12/06/17,43104,42898
AUROPHARMA,EQ,809.45,07/11/17,503.05,29/05/17,43046,42884
AUSOMENT,EQ,87.65,11/12/17,20.5,13/06/17,43080,42899
AUSTRAL,BE,0.4,02/08/17,0.15,09/01/18,42949,43109
AUTOAXLES,EQ,1770,11/01/18,616.1,17/03/17,43111,42811
AUTOIND,BE,123.5,01/12/17,47.95,23/02/17,43070,42789
AUTOLITIND,EQ,110.8,20/09/17,49.5,17/02/17,42998,42783
AVADHSUGAR,EQ,1309.4,07/11/17,419.4,28/07/17,43046,42944
AVANTIFEED,EQ,2940,13/11/17,528.15,12/01/17,43052,42747
AVTNPL,EQ,62.25,27/12/17,32.2,12/01/17,43096,42747
AXISBANK,EQ,573,09/01/18,441.1,23/01/17,43109,42758
AXISCADES,EQ,225,04/01/18,111.05,17/10/17,43104,43025
AXISGOLD,EQ,2759.9,27/02/17,2467,05/07/17,42793,42921
AXISNIFTY,EQ,1069.46,11/01/18,830.3,10/07/17,43111,42926
AYMSYNTEX,EQ,101.9,30/01/17,51.7,24/08/17,42765,42971
BAFNAPHARM,EQ,34,11/01/17,22,22/08/17,42746,42969
BAGFILMS,BE,9.2,30/11/17,3.95,14/06/17,43069,42900
BAJAJ-AUTO,EQ,3385,27/12/17,2681.5,19/01/17,43096,42754
BAJAJCORP,EQ,525,11/01/18,340.55,30/05/17,43111,42885
BAJAJELEC,EQ,584.7,05/01/18,225.6,20/01/17,43105,42755
BAJAJFINSV,EQ,5790,11/09/17,2932.45,11/01/17,42989,42746
BAJAJHIND,EQ,18.8,02/01/18,13.05,29/03/17,43102,42823
BAJAJHLDNG,EQ,3025,26/10/17,1750,10/07/17,43034,42926
BAJFINANCE,EQ,1985.9,07/09/17,886,12/01/17,42985,42747
BALAJITELE,EQ,202.8,21/07/17,85,03/03/17,42937,42797
BALAMINES,EQ,782,11/01/18,294,11/08/17,43111,42958
BALAXI,BE,16.4,09/10/17,12.9,31/10/17,43017,43039
BALKRISHNA,BE,124.65,29/12/17,65,15/03/17,43098,42809
BALKRISIND,EQ,1274.2,20/12/17,536,13/01/17,43089,42748
BALLARPUR,EQ,22.85,15/05/17,11.35,05/10/17,42870,43013
BALMLAWRIE,EQ,299.95,09/11/17,202,17/02/17,43048,42783
BALPHARMA,EQ,128.2,01/01/18,83.95,08/02/17,43101,42774
BALRAMCHIN,EQ,182.5,13/09/17,129.8,28/12/17,42991,43097
BANARBEADS,BE,108.3,01/01/18,49.75,22/08/17,43101,42969
BANARISUG,EQ,2649,06/11/17,1717.65,27/06/17,43045,42913
BANCOINDIA,EQ,277,09/01/18,189.05,16/02/17,43109,42782
BANG,EQ,52,10/04/17,27.45,14/08/17,42835,42961
BANKBARODA,EQ,206.65,26/10/17,133.5,23/10/17,43034,43031
BANKBEES,EQ,2635.28,28/11/17,1870.5,11/01/17,43067,42746
BANKINDIA,EQ,216.8,17/11/17,111.15,23/01/17,43056,42758
BANSWRAS,EQ,261,03/05/17,121,03/10/17,42858,43011
BARTRONICS,BE,21.45,11/01/17,12.25,16/08/17,42746,42963
BASF,EQ,2429.9,08/01/18,1121.6,15/02/17,43108,42781
BASML,EQ,374.8,10/01/18,275.25,24/01/17,43110,42759
BATAINDIA,EQ,832.8,01/11/17,456.55,23/01/17,43040,42758
BAYERCROP,EQ,5070,02/06/17,3686,17/10/17,42888,43025
BBL,EQ,1500,22/06/17,804.1,09/03/17,42908,42803
BBTC,EQ,1823.9,10/01/18,538,20/01/17,43110,42755
BEARDSELL,EQ,95.65,24/03/17,47.1,11/08/17,42818,42958
BEDMUTHA,EQ,49.95,22/05/17,21.15,18/10/17,42877,43026
BEL,EQ,1477.27,30/01/17,139.14,30/03/17,42765,42824
BEML,EQ,1947,19/09/17,1125.15,25/05/17,42997,42880
BEPL,EQ,211.5,05/01/18,22.1,15/02/17,43105,42781
BERGEPAINT,EQ,286.3,25/10/17,207.25,23/01/17,43033,42758
BFINVEST,EQ,431,24/11/17,145,23/01/17,43063,42758
BFUTILITIE,EQ,597.9,11/01/18,312,11/08/17,43111,42958
BGLOBAL,BE,21.65,27/01/17,4.5,24/08/17,42762,42971
BGRENERGY,EQ,184.8,10/05/17,123.2,11/08/17,42865,42958
BHAGERIA,EQ,405.7,07/02/17,230,11/08/17,42773,42958
BHAGYANGR,EQ,57.8,05/12/17,19.4,14/08/17,43074,42961
BHAGYAPROP,EQ,29.2,20/07/17,16.75,13/10/17,42936,43021
BHANDARI,BE,6.1,07/11/17,2,16/08/17,43046,42963
BHARATFIN,EQ,1068,11/01/18,636.1,11/01/17,43111,42746
BHARATFORG,EQ,751,08/01/18,457.5,23/01/17,43108,42758
BHARATGEAR,EQ,231.7,10/01/18,105.1,14/03/17,43110,42808
BHARATIDIL,BZ,17.75,22/09/17,4.95,21/12/17,43000,43090
BHARATIWIN,EQ,39.6,03/01/18,29.55,18/12/17,43103,43087
BHARATRAS,EQ,4897,11/01/18,1818,11/01/17,43111,42746
BHARATWIRE,EQ,165.85,11/01/18,72.5,11/01/17,43111,42746
BHARTIARTL,EQ,564.8,03/11/17,305,25/01/17,43042,42760
BHEL,EQ,121.83,25/04/17,80.87,11/08/17,42850,42958
BHUSANSTL,EQ,102.7,18/05/17,42.1,16/01/17,42873,42751
BIGBLOC,EQ,154.9,10/01/18,54.2,11/01/17,43110,42746
BIL,EQ,699.95,18/09/17,452,03/03/17,42996,42797
BILENERGY,BE,1.05,11/01/18,0.3,24/10/17,43111,43032
BINANIIND,BE,150,26/12/17,66.45,11/08/17,43095,42958
BINDALAGRO,EQ,44,01/01/18,21.5,11/08/17,43101,42958
BIOCON,EQ,564,08/01/18,295.03,25/05/17,43108,42880
BIOFILCHEM,BE,23.85,06/11/17,15,13/09/17,43045,42991
BIRLACABLE,BE,72.4,04/12/17,37,23/03/17,43073,42817
BIRLACORPN,EQ,1265.95,08/01/18,666.1,09/03/17,43108,42803
BIRLAMONEY,EQ,164.9,26/07/17,26.3,11/01/17,42942,42746
BKMINDST,EQ,50,09/05/17,17.1,11/01/17,42864,42746
BLBLIMITED,BE,10,15/12/17,4.75,21/08/17,43084,42968
BLISSGVS,EQ,220.25,28/12/17,129.15,07/06/17,43097,42893
BLKASHYAP,EQ,71.9,21/11/17,19.5,14/02/17,43060,42780
BLS,EQ,293,10/01/18,119,17/04/17,43110,42842
BLUEBLENDS,EQ,64,22/06/17,26,27/10/17,42908,43035
BLUECHIP,BE,0.5,30/01/17,0.15,02/03/17,42765,42796
BLUECOAST,EQ,154.9,02/06/17,105,03/03/17,42888,42797
BLUEDART,EQ,5300,15/03/17,3830,11/08/17,42809,42958
BLUESTARCO,EQ,838,28/12/17,493.3,11/01/17,43097,42746
BODALCHEM,EQ,193.75,13/07/17,126.5,03/03/17,42929,42797
BOMDYEING,EQ,304.9,08/01/18,52.55,20/01/17,43108,42755
BOSCHLTD,EQ,25240,19/06/17,18802.45,27/11/17,42905,43066
BPCL,EQ,551.55,30/10/17,399.33,27/06/17,43038,42913
BPL,EQ,121.9,20/12/17,53.6,11/08/17,43089,42958
BRFL,EQ,231.65,18/12/17,91.2,08/01/18,43087,43108
BRIGADE,EQ,324.9,01/01/18,152.6,20/01/17,43101,42755
BRITANNIA,EQ,4963.9,08/12/17,2885,11/01/17,43077,42746
BRNL,EQ,218.9,18/09/17,170,09/11/17,42996,43048
BROOKS,EQ,161.6,08/02/17,95.15,30/05/17,42774,42885
BSE,EQ,1200,03/02/17,886.05,18/12/17,42769,43087
BSELINFRA,BE,7.9,06/04/17,3.6,06/10/17,42831,43014
BSL,EQ,131.4,02/01/18,52.55,22/08/17,43102,42969
BSLGOLDETF,EQ,3000,28/11/17,2577,12/12/17,43067,43081
BSLIMITED,EQ,2.7,23/01/17,1.1,29/08/17,42758,42976
BSLNIFTY,EQ,123,02/01/18,87.6,05/05/17,43102,42860
BURNPUR,BE,17,06/02/17,7.2,23/08/17,42772,42970
BUTTERFLY,BE,598.8,26/12/17,155,11/08/17,43095,42958
BVCL,BE,42.8,17/04/17,22.15,12/01/17,42842,42747
BYKE,EQ,221.9,05/05/17,149.5,22/11/17,42860,43061
CADILAHC,EQ,560,10/07/17,329.4,31/01/17,42926,42766
CALSOFT,BE,114.05,21/12/17,5.4,16/08/17,43090,42963
CAMLINFINE,EQ,154.75,05/01/18,72.2,11/09/17,43105,42989
CANBK,EQ,463.7,26/10/17,261.26,23/01/17,43034,42758
CANDC,BE,108.75,22/11/17,16.35,27/01/17,43061,42762
CANFINHOME,EQ,666,22/06/17,330.2,13/01/17,42908,42748
CANTABIL,EQ,130.45,10/01/18,61.6,11/08/17,43110,42958
CAPACITE,EQ,437.45,04/12/17,324.1,15/11/17,43073,43054
CAPF,EQ,840,11/01/18,582,23/01/17,43111,42758
CAPLIPOINT,EQ,784.8,07/08/17,335,15/02/17,42954,42781
CAPTRUST,EQ,569.85,01/12/17,357,18/07/17,43070,42934
CARBORUNIV,EQ,427,04/01/18,246.1,23/01/17,43104,42758
CAREERP,EQ,166.7,10/10/17,92.35,11/08/17,43018,42958
CARERATING,EQ,1725,11/07/17,1282.6,05/12/17,42927,43074
CASTEXTECH,BE,9.95,27/02/17,4.75,05/10/17,42793,43013
CASTROLIND,EQ,226.4,25/04/17,176,28/09/17,42850,43006
CCCL,BE,10.35,06/11/17,3.5,27/03/17,43045,42821
CCHHL,BE,21.9,01/01/18,11.05,01/03/17,43101,42795
CCL,EQ,372,02/03/17,254.15,11/08/17,42796,42958
CDSL,EQ,486,14/07/17,243.15,03/07/17,42930,42919
CEATLTD,EQ,2019,09/01/18,1071.05,16/02/17,43109,42782
CEBBCO,BE,21.8,28/12/17,9.9,30/08/17,43097,42977
CELEBRITY,EQ,27.05,20/07/17,9.8,24/01/17,42936,42759
CELESTIAL,EQ,30.4,10/07/17,16,06/11/17,42926,43045
CENTENKA,EQ,454.4,11/04/17,287,17/01/17,42836,42752
CENTEXT,EQ,7.35,24/04/17,3.4,11/08/17,42849,42958
CENTRALBK,EQ,123.25,10/05/17,70.6,18/08/17,42865,42965
CENTUM,EQ,794.5,04/01/18,570,24/05/17,43104,42879
CENTURYPLY,EQ,363,11/01/18,176,16/01/17,43111,42751
CENTURYTEX,EQ,1471.2,09/01/18,790.95,16/01/17,43109,42751
CERA,EQ,3864,04/12/17,2017.95,16/01/17,43073,42751
CEREBRAINT,EQ,61.35,06/07/17,26.8,11/01/17,42922,42746
CESC,EQ,1190,11/01/18,655.55,11/01/17,43111,42746
CGCL,EQ,142,21/09/17,38.05,17/02/17,42999,42783
CGPOWER,EQ,98.5,11/01/18,61.8,11/01/17,43111,42746
CHAMBLFERT,EQ,164.5,03/01/18,76,09/03/17,43103,42803
CHENNPETRO,EQ,480.5,27/10/17,324,20/01/17,43035,42755
CHOLAFIN,EQ,1353.8,08/01/18,912,10/03/17,43108,42804
CHROMATIC,BE,3.75,11/12/17,1.9,29/08/17,43080,42976
CIGNITITEC,BE,491.95,19/01/17,156.45,11/08/17,42754,42958
CIMMCO,BE,142.4,27/12/17,57.9,22/03/17,43096,42816
CINELINE,EQ,120.55,01/01/18,66.05,11/08/17,43101,42958
CINEVISTA,BE,25.6,18/10/17,5.8,05/04/17,43026,42830
CIPLA,EQ,663.4,07/11/17,480.2,26/05/17,43046,42881
CLEDUCATE,EQ,474.95,18/04/17,278.2,10/01/18,42843,43110
CLNINDIA,EQ,752.7,09/02/17,552.65,18/12/17,42775,43087
CMICABLES,EQ,306.8,21/12/17,158.9,15/02/17,43090,42781
CNOVAPETRO,EQ,55.35,16/11/17,20.3,28/03/17,43055,42822
COALINDIA,EQ,332.3,27/02/17,233.7,11/08/17,42793,42958
COCHINSHIP,EQ,599,24/11/17,435,11/08/17,43063,42958
COFFEEDAY,EQ,372,11/01/18,197.05,23/01/17,43111,42758
COLPAL,EQ,1178.35,13/09/17,861.3,30/01/17,42991,42765
COMPINFO,EQ,65,08/01/18,21.2,21/06/17,43108,42907
COMPUSOFT,BE,21.85,27/12/17,10.55,27/06/17,43096,42913
CONCOR,EQ,1499,10/01/18,908.8,31/01/17,43110,42766
CONSOFINVT,EQ,95.6,02/01/18,52.2,16/02/17,43102,42782
CONTROLPR,EQ,530,01/12/17,231,25/01/17,43070,42760
CORALFINAC,EQ,106.5,26/10/17,35.3,31/03/17,43034,42825
CORDSCABLE,BE,153.95,06/11/17,73.15,12/01/17,43045,42747
COROMANDEL,EQ,586.75,01/01/18,306.45,03/04/17,43101,42828
CORPBANK,EQ,64.75,05/05/17,37.7,03/10/17,42860,43011
COSMOFILMS,EQ,469.9,28/04/17,342.7,18/12/17,42853,43087
COUNCODOS,BE,5,06/12/17,2.5,27/09/17,43075,43005
COX&KINGS,EQ,305.6,27/07/17,183.35,10/03/17,42943,42804
CPSEETF,EQ,31.45,10/01/18,22.25,10/07/17,43110,42926
CREST,EQ,297.5,01/01/18,88.6,23/01/17,43101,42758
CRISIL,EQ,2249.95,11/01/17,1761,06/12/17,42746,43075
CRMFGETF,EQ,2864.5,20/04/17,2500.4,14/03/17,42845,42808
CROMPTON,EQ,295,04/01/18,150.25,11/01/17,43104,42746
CTE,EQ,104.4,15/02/17,59.3,14/11/17,42781,43053
CUB,EQ,186.05,14/06/17,123.18,12/01/17,42900,42747
CUBEXTUB,BE,44.25,08/11/17,10.9,20/03/17,43047,42814
CUMMINSIND,EQ,1096.8,03/05/17,816.45,11/01/17,42858,42746
CUPID,EQ,423,11/01/18,230,25/09/17,43111,43003
CURATECH,BE,16.15,24/03/17,3.85,24/07/17,42818,42940
CYBERMEDIA,BE,18.5,09/11/17,5.7,13/09/17,43048,42991
CYBERTECH,EQ,95.5,27/01/17,48.1,10/08/17,42762,42957
CYIENT,EQ,605.75,07/12/17,440.2,01/02/17,43076,42767
DAAWAT,EQ,110,08/01/18,32.3,11/01/17,43108,42746
DABUR,EQ,362.35,10/01/18,263.6,10/02/17,43110,42776
DALMIABHA,EQ,3350,28/11/17,1560,11/01/17,43067,42746
DALMIASUG,EQ,202,31/01/17,120.25,27/06/17,42766,42913
DAMODARIND,EQ,148.3,27/11/17,72.15,16/02/17,43066,42782
DATAMATICS,EQ,164.9,20/01/17,92.35,30/05/17,42755,42885
DBCORP,EQ,401.95,05/05/17,336.65,22/12/17,42860,43091
DBL,EQ,1059,27/12/17,228.95,11/01/17,43096,42746
DBREALTY,EQ,86,11/01/18,32.15,11/08/17,43111,42958
DBSTOCKBRO,EQ,13.6,16/01/17,8.45,01/08/17,42751,42948
DCAL,EQ,367.5,21/09/17,274.95,17/11/17,42999,43056
DCBBANK,EQ,213,16/06/17,113.5,11/01/17,42902,42746
DCM,EQ,152.8,17/05/17,103.65,19/12/17,42872,43088
DCMSHRIRAM,EQ,628,19/12/17,256.3,12/01/17,43088,42747
DCW,BE,55.45,30/10/17,28.95,10/07/17,43038,42926
DECCANCE,EQ,660,05/01/18,485.55,11/01/17,43105,42746
DEEPAKFERT,EQ,500.4,03/11/17,227.15,11/01/17,43042,42746
DEEPAKNTR,EQ,295,09/01/18,96.9,15/02/17,43109,42781
DEEPIND,EQ,343.1,30/03/17,192,11/08/17,42824,42958
DELTACORP,EQ,323.9,26/12/17,112.3,16/02/17,43095,42782
DELTAMAGNT,BE,84.95,08/01/18,32.75,23/08/17,43108,42970
DEN,EQ,117.9,20/12/17,70.2,11/01/17,43089,42746
DENABANK,EQ,50.1,09/05/17,23.55,18/12/17,42864,43087
DENORA,EQ,332,13/07/17,211.3,14/03/17,42929,42808
DFMFOODS,EQ,2144.95,23/01/17,1120,08/06/17,42758,42894
DHAMPURSUG,EQ,330.5,01/11/17,161.35,20/01/17,43040,42755
DHANBANK,EQ,44.95,17/05/17,23.5,17/02/17,42872,42783
DHANUKA,EQ,929.8,02/05/17,629.4,02/11/17,42857,43041
DHARSUGAR,EQ,43,13/11/17,20.85,23/08/17,43052,42970
DHFL,EQ,679,03/11/17,255.6,11/01/17,43042,42746
DHUNINV,EQ,546,11/01/18,161.3,15/02/17,43111,42781
DIAMONDYD,EQ,1415,14/12/17,1133.7,05/10/17,43083,43013
DIAPOWER,EQ,50.5,31/01/17,15.7,22/11/17,42766,43061
DICIND,EQ,624.9,05/01/18,434,01/06/17,43105,42887
DIGJAMLTD,BE,22.75,04/12/17,10.3,11/08/17,43073,42958
DISHTV,EQ,111,30/03/17,68,24/10/17,42824,43032
DIVISLAB,EQ,1142,27/12/17,532.65,29/05/17,43096,42884
DIXON,EQ,4494,26/12/17,2506.35,25/09/17,43095,43003
DLF,EQ,273.85,11/01/18,122.4,13/01/17,43111,42748
DLINKINDIA,EQ,153.9,10/04/17,83,10/08/17,42835,42957
DMART,EQ,1288.65,13/10/17,558.3,21/03/17,43021,42815
DNAMEDIA,EQ,14.4,03/01/18,6.75,20/12/17,43103,43089
DOLLAR,EQ,514.75,09/01/18,262.8,21/04/17,43109,42846
DOLPHINOFF,EQ,158.2,11/01/18,72.2,11/08/17,43111,42958
DONEAR,BE,89.5,27/11/17,47.9,11/08/17,43066,42958
DPL,EQ,192,11/01/18,74.2,10/03/17,43111,42804
DPSCLTD,EQ,48.6,16/01/17,29.2,26/12/17,42751,43095
DQE,BE,25.8,07/04/17,11,11/08/17,42832,42958
DREDGECORP,EQ,922,08/01/18,438.25,23/01/17,43108,42758
DRREDDY,EQ,3177,06/02/17,1901.15,11/08/17,42772,42958
DSKULKARNI,BE,69.8,17/04/17,16.15,17/11/17,42842,43056
DSSL,EQ,66,02/01/18,16.1,24/03/17,43102,42818
DTIL,BE,485.15,11/01/18,260.55,25/09/17,43111,43003
DUCON,EQ,82.45,11/01/17,27.25,21/06/17,42746,42907
DWARKESH,EQ,759.75,07/08/17,44,29/12/17,42954,43098
DYNAMATECH,EQ,3340.45,06/02/17,1920,18/12/17,42772,43087
DYNPRO,BE,211.4,26/12/17,102,10/08/17,43095,42957
EASTSILK,EQ,8.7,09/08/17,2.05,25/05/17,42956,42880
EASUNREYRL,BE,38.4,25/04/17,15.05,13/11/17,42850,43052
EBANK,EQ,3100,01/12/17,1760,13/04/17,43070,42838
ECEIND,EQ,430,29/12/17,190.55,07/08/17,43098,42954
ECLERX,EQ,1595.4,01/01/18,1161,25/09/17,43101,43003
EDELWEISS,EQ,309.1,03/11/17,96.85,11/01/17,43042,42746
EDL,EQ,71.8,10/01/18,34.3,06/09/17,43110,42984
EDUCOMP,BZ,13.15,09/02/17,4.55,10/10/17,42775,43018
EICHERMOT,EQ,33480,08/09/17,22175.05,17/01/17,42986,42752
EIDPARRY,EQ,392,05/01/18,270.8,12/04/17,43105,42837
EIHAHOTELS,EQ,608.4,09/01/18,282.45,23/01/17,43109,42758
EIHOTEL,EQ,190.5,09/01/18,95.1,16/01/17,43109,42751
EIMCOELECO,EQ,700,15/06/17,366.75,23/01/17,42901,42758
EKC,EQ,77.8,12/12/17,30,29/03/17,43081,42823
ELAND,BE,29.45,13/02/17,13.7,11/10/17,42779,43019
ELECON,EQ,113.5,21/12/17,45,11/08/17,43090,42958
ELECTCAST,EQ,44.55,05/01/18,23,04/10/17,43105,43012
ELECTHERM,EQ,308,06/06/17,128.4,18/12/17,42892,43087
ELGIEQUIP,EQ,325.5,10/01/18,185.95,11/01/17,43110,42746
ELGIRUBCO,EQ,70.45,23/01/17,39,25/09/17,42758,43003
EMAMIINFRA,EQ,406,09/01/18,54.9,27/01/17,43109,42762
EMAMILTD,EQ,1365,10/01/18,981.65,20/01/17,43110,42755
EMCO,EQ,33.9,09/02/17,16.4,29/11/17,42775,43068
EMKAY,EQ,322.7,14/09/17,56.85,20/01/17,42992,42755
EMMBI,EQ,262.05,06/10/17,127.2,14/02/17,43014,42780
ENDURANCE,EQ,1400,01/01/18,568.95,12/01/17,43101,42747
ENERGYDEV,EQ,74.05,19/01/17,14.5,04/09/17,42754,42982
ENGINERSIN,EQ,206.4,26/12/17,140.65,10/08/17,43095,42957
ENIL,EQ,1005,05/07/17,709,24/05/17,42921,42879
EON,BE,137.5,24/10/17,59.3,13/01/17,43032,42748
EQ30,EQ,289.4,18/09/17,194,13/06/17,42996,42899
EQUITAS,EQ,188.2,09/02/17,133.3,18/12/17,42775,43087
ERIS,EQ,833.8,30/11/17,510,11/08/17,43069,42958
EROSMEDIA,EQ,308.45,28/03/17,164,01/02/17,42822,42767
ESABINDIA,EQ,1075,05/10/17,550,08/06/17,43013,42894
ESCORTS,EQ,816.55,11/01/18,340.8,11/01/17,43111,42746
ESL,BE,7.2,07/11/17,3.6,26/09/17,43046,43004
ESSARSHPNG,EQ,35.85,27/12/17,23.3,11/08/17,43096,42958
ESSDEE,BE,79.35,11/01/18,28.1,06/09/17,43111,42984
ESSELPACK,EQ,315.55,20/11/17,225.25,07/03/17,43059,42801
ESTER,EQ,71.4,11/01/18,30,11/08/17,43111,42958
EUROCERA,EQ,15,16/05/17,5.65,14/02/17,42871,42780
EUROTEXIND,EQ,49.55,18/05/17,27,16/01/17,42873,42751
EVEREADY,EQ,464.25,09/01/18,222.6,11/01/17,43109,42746
EVERESTIND,EQ,636,09/01/18,182.15,01/02/17,43109,42767
EXCEL,BE,136,27/11/17,30.8,03/05/17,43066,42858
EXCELCROP,EQ,2817,11/01/18,1660,28/09/17,43111,43006
EXCELINDUS,EQ,751,09/01/18,341.15,28/06/17,43109,42914
EXIDEIND,EQ,250,11/05/17,178.75,16/01/17,42866,42751
FACT,EQ,63.8,03/05/17,26.25,12/01/17,42858,42747
FAIRCHEM,EQ,600,21/03/17,372,15/09/17,42815,42993
FCL,EQ,106.15,04/01/18,26,11/08/17,43104,42958
FCONSUMER,EQ,79.1,27/12/17,21,13/01/17,43096,42748
FDC,EQ,269.9,26/12/17,163.25,31/08/17,43095,42978
FEDDERELEC,EQ,96.6,18/10/17,59.2,22/08/17,43026,42969
FEDERALBNK,EQ,127.65,17/10/17,70.1,11/01/17,43025,42746
FEL,EQ,62.2,08/09/17,17,12/01/17,42986,42747
FELDVR,EQ,58.05,08/09/17,16.25,12/01/17,42986,42747
FIEMIND,EQ,1238.55,13/01/17,839.95,01/06/17,42748,42887
FILATEX,EQ,251.3,05/01/18,62,15/02/17,43105,42781
FINCABLES,EQ,749.9,08/01/18,405.15,23/01/17,43108,42758
FINPIPE,EQ,756.05,19/10/17,435,11/01/17,43027,42746
FLEXITUFF,BE,220,11/04/17,71.8,05/10/17,42836,43013
FLFL,EQ,412,12/09/17,135.1,11/01/17,42990,42746
FMGOETZE,EQ,651,18/04/17,460.1,15/02/17,42843,42781
FMNL,EQ,199.75,08/09/17,36,13/01/17,42986,42748
FORTIS,EQ,228.95,03/05/17,123.4,22/11/17,42858,43061
FORTUNEFIN,EQ,337.8,10/08/17,250,04/10/17,42957,43012
FOSECOIND,EQ,2340,28/12/17,1284,24/01/17,43097,42759
FRETAIL,EQ,656,24/11/17,153.7,11/01/17,43063,42746
FSC,EQ,704,11/01/18,660,18/12/17,43111,43087
FSL,EQ,49.25,13/02/17,30.35,15/06/17,42779,42901
GABRIEL,EQ,222.5,11/09/17,107.1,23/01/17,42989,42758
GAEL,EQ,280,11/01/18,88.3,23/01/17,43111,42758
GAIL,EQ,519.5,28/12/17,327.16,18/01/17,43097,42753
GAL,BE,14.9,09/02/17,5.35,09/06/17,42775,42895
GALLANTT,EQ,62.7,05/01/18,33.45,04/12/17,43105,43073
GALLISPAT,EQ,539,20/03/17,183.35,04/12/17,42814,43073
GAMMNINFRA,EQ,5.45,27/07/17,2.6,06/10/17,42943,43014
GAMMONIND,BZ,13.7,06/02/17,5.2,09/10/17,42772,43017
GANDHITUBE,EQ,443.95,05/01/18,280,11/08/17,43105,42958
GANECOS,EQ,441,09/01/18,176.55,12/01/17,43109,42747
GANESHHOUC,EQ,183.6,01/01/18,71.5,13/01/17,43101,42748
GANGESSECU,BE,129,07/12/17,55.55,21/08/17,43076,42968
GARDENSILK,EQ,53.3,08/01/18,28.1,21/06/17,43108,42907
GARWALLROP,EQ,1074,11/01/18,579,01/02/17,43111,42767
GATI,EQ,148.5,21/11/17,102.2,11/08/17,43060,42958
GAYAPROJ,EQ,239,02/01/18,126.2,31/01/17,43102,42766
GDL,EQ,292.2,06/07/17,210.5,08/09/17,42922,42986
GEECEE,EQ,193.7,11/10/17,106,11/08/17,43019,42958
GENESYS,EQ,391.2,11/10/17,133.65,13/01/17,43019,42748
GENUSPAPER,BE,14.8,10/01/18,4.75,23/03/17,43110,42817
GENUSPOWER,EQ,81.9,11/01/18,36.6,27/03/17,43111,42821
GEOJITFSL,EQ,147.05,11/10/17,35.7,11/01/17,43019,42746
GEPIL,EQ,916.6,11/01/18,520.25,16/01/17,43111,42751
GESHIP,EQ,477.5,21/04/17,350,14/02/17,42846,42780
GET&D,EQ,474.4,04/01/18,277.85,07/03/17,43104,42801
GHCL,EQ,329.9,03/01/18,204,27/09/17,43103,43005
GICHSGFIN,EQ,623.4,20/06/17,267.3,13/01/17,42906,42748
GICRE,EQ,899,25/10/17,752.3,01/01/18,43033,43101
GILLANDERS,BE,102,28/11/17,56.45,11/08/17,43067,42958
GILLETTE,EQ,7100,12/12/17,4022.2,27/02/17,43081,42793
GINNIFILA,EQ,65.4,29/06/17,24.5,03/02/17,42915,42769
GIPCL,EQ,150.8,11/10/17,100,16/03/17,43019,42810
GITANJALI,EQ,104.4,28/11/17,53,11/08/17,43067,42958
GKWLIMITED,EQ,792.9,08/01/18,350.3,10/07/17,43108,42926
GLAXO,EQ,2798.5,10/02/17,2201.2,16/06/17,42776,42902
GLENMARK,EQ,972.95,07/02/17,525.85,18/12/17,42773,43087
GLOBALVECT,EQ,203,22/11/17,93.8,06/03/17,43061,42800
GLOBOFFS,BE,73.7,19/01/17,30,11/08/17,42754,42958
GLOBUSSPR,BE,178,08/01/18,62.1,29/05/17,43108,42884
GMBREW,EQ,1208,08/01/18,394.9,11/08/17,43108,42958
GMDCLTD,EQ,180.9,27/10/17,101.5,11/01/17,43035,42746
GMRINFRA,EQ,23.55,01/01/18,12.4,18/01/17,43101,42753
GNA,EQ,468.15,11/01/18,187.6,01/02/17,43111,42767
GNFC,EQ,548.5,24/10/17,234.45,24/01/17,43032,42759
GOACARBON,EQ,1189.95,11/01/18,99.6,14/02/17,43111,42780
GOCLCORP,EQ,697.5,09/01/18,266.25,16/01/17,43109,42751
GODFRYPHLP,EQ,1345,17/03/17,830,11/08/17,42811,42958
GODREJAGRO,EQ,636,10/01/18,522.15,14/11/17,43110,43053
GODREJCP,EQ,1083,27/07/17,755.75,24/01/17,42943,42759
GODREJIND,EQ,699,20/07/17,418.5,31/01/17,42936,42766
GODREJPROP,EQ,859,11/01/18,320.15,11/01/17,43111,42746
GOENKA,BZ,0.85,22/05/17,0.2,19/12/17,42877,43088
GOKEX,EQ,142.6,22/12/17,55,27/03/17,43091,42821
GOKUL,BE,33.2,15/05/17,19,26/12/17,42870,43095
GOKULAGRO,BE,35.1,06/11/17,18.2,16/01/17,43045,42751
GOLDBEES,EQ,2774.9,05/09/17,2475.5,10/07/17,42983,42926
GOLDIAM,EQ,99.8,20/04/17,67,22/02/17,42845,42788
GOLDINFRA,EQ,249,09/01/18,26.1,20/01/17,43109,42755
GOLDIWIN,EQ,292,02/03/17,220,28/07/17,42796,42944
GOLDSHARE,EQ,2999,21/07/17,2461,10/07/17,42937,42926
GOLDTECH,BE,18.25,27/04/17,6.4,07/02/17,42852,42773
GOODLUCK,EQ,134.8,11/01/18,70,07/11/17,43111,43046
GPIL,EQ,452.85,09/01/18,68.6,11/01/17,43109,42746
GPPL,EQ,179,05/04/17,126.25,31/08/17,42830,42978
GPTINFRA,EQ,230,27/11/17,110.7,24/07/17,43066,42940
GRANULES,EQ,157.25,18/05/17,101.25,11/08/17,42873,42958
GRAPHITE,EQ,906,04/01/18,87.4,12/01/17,43104,42747
GRASIM,EQ,1375,10/07/17,836.65,16/01/17,42926,42751
GRAVITA,EQ,192,11/01/18,39.15,11/01/17,43111,42746
GREAVESCOT,EQ,178.55,04/05/17,112.35,18/12/17,42859,43087
GREENLAM,EQ,1394.9,26/12/17,606,16/01/17,43095,42751
GREENPLY,EQ,401.1,10/01/18,244.8,25/01/17,43110,42760
GREENPOWER,EQ,17.3,05/01/18,7.9,30/06/17,43105,42916
GRINDWELL,EQ,560,08/01/18,312,01/02/17,43108,42767
GROBTEA,EQ,2161.85,11/01/18,220.7,28/06/17,43111,42914
GRPLTD,EQ,1814.1,27/01/17,1162,29/09/17,42762,43007
GRUH,EQ,553,21/09/17,300,13/01/17,42999,42748
GSCLCEMENT,EQ,41,21/09/17,20.4,11/08/17,42999,42958
GSFC,EQ,164.85,07/11/17,102.2,24/01/17,43046,42759
GSKCONS,EQ,6699,21/12/17,4851,28/09/17,43090,43006
GSPL,EQ,235.8,22/12/17,135.55,16/01/17,43091,42751
GSS,EQ,39.4,05/01/18,18.75,14/08/17,43105,42961
GTL,EQ,20.15,01/03/17,12.5,03/07/17,42795,42919
GTLINFRA,EQ,8.65,27/07/17,3.9,27/01/17,42943,42762
GTNIND,EQ,26.4,13/04/17,14.1,11/01/17,42838,42746
GTNTEX,BE,37,07/11/17,13.55,16/01/17,43046,42751
GTPL,EQ,198.1,10/07/17,126.25,24/08/17,42926,42971
GUFICBIO,EQ,144.35,04/01/18,53.5,13/01/17,43104,42748
GUJALKALI,EQ,896.25,10/01/18,355.15,13/01/17,43110,42748
GUJAPOLLO,EQ,309.8,13/09/17,133.5,11/01/17,42991,42746
GUJFLUORO,EQ,959.7,01/11/17,465,08/02/17,43040,42774
GUJGASLTD,EQ,978,03/11/17,527.2,17/01/17,43042,42752
GUJNRECOKE,EQ,3.25,08/02/17,1.35,21/06/17,42774,42907
GUJNREDVR,EQ,3.1,12/01/17,1.2,20/06/17,42747,42906
GUJRAFFIA,BE,71,08/01/18,51.3,13/12/17,43108,43082
GULFOILLUB,EQ,1100,01/12/17,627.5,13/01/17,43070,42748
GULFPETRO,EQ,103.9,20/04/17,69.15,10/08/17,42845,42957
GULPOLY,EQ,113.25,20/07/17,72.05,13/02/17,42936,42779
GVKPIL,BE,24.35,11/01/18,5,25/05/17,43111,42880
HANUNG,BE,6.45,28/07/17,3.2,27/12/17,42944,43096
HARITASEAT,EQ,1103.4,08/01/18,662.25,16/03/17,43108,42810
HARRMALAYA,BE,124.85,30/11/17,70.35,11/08/17,43069,42958
HATHWAY,EQ,49.5,24/04/17,25.6,11/08/17,42849,42958
HATSUN,EQ,970,14/11/17,380.3,11/01/17,43053,42746
HAVELLS,EQ,575.9,05/01/18,362.1,12/01/17,43105,42747
HBLPOWER,EQ,76.5,09/01/18,38.5,16/02/17,43109,42782
HBSTOCK,EQ,58.8,08/01/18,15.55,21/03/17,43108,42815
HCC,EQ,48.1,25/04/17,31.9,27/09/17,42850,43005
HCG,EQ,321.5,31/10/17,215.6,22/03/17,43039,42816
HCL-INSYS,EQ,64.7,09/01/18,39.6,11/08/17,43109,42958
HCLTECH,EQ,943.8,23/10/17,778.65,01/02/17,43031,42767
HDFC,EQ,1804,07/11/17,1217.6,12/01/17,43046,42747
HDFCBANK,EQ,1903.1,20/12/17,1215.5,11/01/17,43089,42746
HDFCLIFE,EQ,449.8,11/01/18,307,17/11/17,43111,43056
HDFCMFGETF,EQ,2821.75,18/09/17,2552,10/07/17,42996,42926
HDFCNIFETF,EQ,1236.2,21/11/17,708.25,07/02/17,43060,42773
HDFCSENETF,EQ,4145,20/12/17,2345,01/03/17,43089,42795
HDIL,EQ,101.8,16/05/17,47,09/08/17,42871,42956
HEG,EQ,2831.45,11/01/18,174,01/02/17,43111,42767
HEIDELBERG,EQ,175,05/01/18,109,11/08/17,43105,42958
HERCULES,EQ,188.9,16/01/17,127,11/08/17,42751,42958
HERITGFOOD,EQ,888.95,21/12/17,428,16/01/17,43090,42751
HEROMOTOCO,EQ,4091.95,01/09/17,3021.35,13/01/17,42979,42748
HESTERBIO,EQ,1954.55,26/12/17,713.15,22/03/17,43095,42816
HEXATRADEX,BE,99,11/01/18,16.5,01/02/17,43111,42767
HEXAWARE,EQ,366.1,10/01/18,187.8,01/02/17,43110,42767
HFCL,EQ,36.65,11/01/18,11.85,30/06/17,43111,42916
HGS,EQ,997,11/01/18,486.65,23/08/17,43111,42970
HIGHGROUND,EQ,39.6,10/02/17,8.05,20/11/17,42776,43059
HIKAL,EQ,264,23/10/17,191.3,24/03/17,43031,42818
HIL,EQ,1800.4,11/01/18,606,16/01/17,43111,42751
HILTON,EQ,54.45,21/07/17,17.25,15/02/17,42937,42781
HIMATSEIDE,EQ,443.8,09/01/18,290.05,11/08/17,43109,42958
HINDALCO,EQ,284,05/01/18,166.45,11/01/17,43105,42746
HINDCOMPOS,EQ,803.33,10/04/17,435.25,18/12/17,42835,43087
HINDCOPPER,EQ,110.5,07/11/17,56.55,27/09/17,43046,43005
HINDDORROL,BE,12.9,07/02/17,2.35,18/09/17,42773,42996
HINDMOTORS,EQ,12.9,13/02/17,6.7,11/08/17,42779,42958
HINDNATGLS,EQ,191.8,11/12/17,74,23/08/17,43080,42970
HINDOILEXP,EQ,152.9,11/01/18,65.55,13/01/17,43111,42748
HINDPETRO,EQ,492.8,31/08/17,318,11/01/17,42978,42746
HINDSYNTEX,BE,13.2,25/01/17,7,19/12/17,42760,43088
HINDUJAVEN,EQ,865,11/01/18,438.3,14/08/17,43111,42961
HINDUNILVR,EQ,1382.9,11/01/18,822.45,16/01/17,43111,42751
HINDZINC,EQ,333.2,03/02/17,226.85,25/05/17,42769,42880
HIRECT,EQ,144.45,27/12/17,72.82,23/03/17,43096,42817
HISARMETAL,BE,129.65,31/10/17,31.55,11/01/17,43039,42746
HITECHCORP,EQ,235.7,26/04/17,142.6,10/02/17,42851,42776
HITECHGEAR,EQ,602.75,20/12/17,286.8,20/02/17,43089,42786
HMT,BZ,48.95,02/05/17,31.2,28/08/17,42857,42975
HMVL,EQ,297.7,20/03/17,229,01/11/17,42814,43040
HNGSNGBEES,EQ,3240.9,29/12/17,2015.01,20/02/17,43098,42786
HONAUT,EQ,21944,12/12/17,8855.8,12/01/17,43081,42747
HONDAPOWER,EQ,1649.85,27/12/17,1292,10/10/17,43096,43018
HOTELEELA,EQ,27.3,10/05/17,15.75,03/03/17,42865,42797
HOTELRUGBY,BE,5.4,27/01/17,2.4,11/01/18,42762,43111
HOVS,BE,397,18/12/17,126,16/01/17,43087,42751
HPL,EQ,164.4,21/09/17,103.25,22/03/17,42999,42816
HSCL,EQ,196,11/01/18,40.25,01/02/17,43111,42767
HSIL,EQ,564,24/11/17,278.4,16/02/17,43063,42782
HTMEDIA,EQ,112.9,11/01/18,72.85,11/01/17,43111,42746
HUBTOWN,EQ,172.75,03/05/17,88,03/04/17,42858,42828
HUDCO,EQ,102.3,14/07/17,66,28/06/17,42930,42914
IBREALEST,EQ,269.7,07/08/17,74.4,01/02/17,42954,42767
IBULHSGFIN,EQ,1373.95,23/10/17,690,11/01/17,43031,42746
IBVENTURES,EQ,307,03/11/17,20,31/01/17,43042,42766
ICICIBANK,EQ,332.35,17/11/17,231.95,23/01/17,43056,42758
ICICIGI,EQ,850,08/01/18,638.65,27/09/17,43108,43005
ICICIPRULI,EQ,509.4,04/07/17,330,16/01/17,42920,42751
ICIL,EQ,210.05,03/05/17,93.7,27/09/17,42858,43005
ICRA,EQ,4540,07/02/17,3750.05,15/09/17,42773,42993
ICSA,BE,5.85,11/01/18,2.3,18/12/17,43111,43087
IDBI,EQ,86.4,06/02/17,50.2,14/08/17,42772,42961
IDBIGOLD,EQ,3330,08/01/18,2526.05,10/07/17,43108,42926
IDEA,EQ,123.5,20/03/17,66.3,13/01/17,42814,42748
IDFC,EQ,68.9,10/07/17,50.65,03/03/17,42926,42797
IDFCBANK,EQ,71.15,10/07/17,51.2,18/12/17,42926,43087
IDFNIFTYET,EQ,115.25,02/06/17,83.59,11/01/17,42888,42746
IEX,EQ,1677,10/01/18,1490,16/11/17,43110,43055
IFBAGRO,BE,948,26/12/17,373.1,30/05/17,43095,42885
IFBIND,EQ,1546.95,11/01/18,461,20/01/17,43111,42755
IFCI,EQ,33.8,29/12/17,20.6,11/08/17,43098,42958
IFGLEXPOR,EQ,374.4,11/01/18,290.05,23/11/17,43111,43062
IGARASHI,EQ,1124.7,16/06/17,688,31/01/17,42902,42766
IGL,EQ,344.9,01/01/18,182.4,16/01/17,43101,42751
IGPL,EQ,830.9,11/01/18,222.4,23/01/17,43111,42758
IIFL,EQ,740,14/09/17,257,11/01/17,42992,42746
IITL,BE,158.75,31/10/17,66,03/04/17,43039,42828
IL&FSENGG,BE,66,21/02/17,31.2,28/09/17,42787,43006
IL&FSTRANS,EQ,124.8,12/01/17,69.1,28/09/17,42747,43006
IMFA,EQ,827,21/03/17,385,15/06/17,42815,42901
IMPAL,EQ,1438,10/01/18,731.6,16/01/17,43110,42751
INDBANK,EQ,31.4,11/01/18,12.05,15/03/17,43111,42809
INDHOTEL,EQ,145.8,09/01/18,90.56,11/01/17,43109,42746
INDIACEM,EQ,226.25,16/05/17,130.05,13/01/17,42871,42748
INDIAGLYCO,EQ,570,11/01/18,146,22/03/17,43111,42816
INDIANB,EQ,427.4,17/11/17,236.2,11/01/17,43056,42746
INDIANCARD,EQ,225,17/01/17,163.6,19/10/17,42752,43027
INDIANHUME,EQ,594.7,01/09/17,356.35,01/02/17,42979,42767
INDIGO,EQ,1346.7,16/08/17,815,14/02/17,42963,42780
INDLMETER,BE,130.9,27/12/17,72,04/09/17,43096,42982
INDNIPPON,EQ,1430,30/10/17,502,09/03/17,43038,42803
INDOCO,EQ,314,23/11/17,178.1,31/05/17,43062,42886
INDORAMA,EQ,51.9,08/01/18,25.3,29/08/17,43108,42976
INDOSOLAR,EQ,14.75,10/01/18,5.9,18/08/17,43110,42965
INDOTECH,EQ,258.2,20/09/17,176.5,22/08/17,42998,42969
INDOTHAI,EQ,100,09/01/18,19.8,21/03/17,43109,42815
INDOWIND,BE,16.5,11/01/18,3.9,31/03/17,43111,42825
INDRAMEDCO,EQ,68.5,01/01/18,50.25,21/11/17,43101,43060
INDSWFTLAB,BE,83.9,01/01/18,31.25,11/08/17,43101,42958
INDSWFTLTD,BE,12.25,18/04/17,4.75,27/01/17,42843,42762
INDTERRAIN,EQ,253,10/10/17,145,18/01/17,43018,42753
INDUSINDBK,EQ,1804,11/09/17,1185,11/01/17,42989,42746
INEOSSTYRO,EQ,1168,30/11/17,571.3,20/02/17,43069,42786
INFIBEAM,EQ,195.9,06/11/17,87.15,25/09/17,43045,43003
INFINITE,EQ,385.9,10/01/18,188.78,14/08/17,43110,42961
INFRABEES,EQ,395,25/10/17,282.41,11/01/17,43033,42746
INFRATEL,EQ,482.8,17/10/17,281.75,28/02/17,43025,42794
INFY,EQ,1083.4,11/01/18,860,22/08/17,43111,42969
INGERRAND,EQ,938.3,03/05/17,645,01/02/17,42858,42767
INOXLEISUR,EQ,309.9,09/01/18,212.95,31/01/17,43109,42766
INOXWIND,EQ,208.5,21/04/17,104.6,18/08/17,42846,42965
INSECTICID,EQ,964,19/09/17,509,20/01/17,42997,42755
INTEGRA,BE,4.3,01/02/17,2,30/10/17,42767,43038
INTELLECT,EQ,185.5,09/01/18,96.5,11/08/17,43109,42958
INTENTECH,BE,182,23/03/17,74.8,11/08/17,42817,42958
INVENTURE,EQ,21.25,07/02/17,10.2,11/08/17,42773,42958
IOB,EQ,32.2,05/05/17,19.8,06/10/17,42860,43014
IOC,EQ,462.95,31/08/17,346.5,11/01/17,42978,42746
IOLCP,BE,102.85,18/01/17,46,12/10/17,42753,43020
IPAPPM,EQ,418,11/01/18,277,15/11/17,43111,43054
IPCALAB,EQ,657.6,05/04/17,400,11/08/17,42830,42958
IRB,EQ,272.65,03/05/17,193.5,13/12/17,42858,43082
ISFT,EQ,854,20/12/17,305,14/03/17,43089,42808
ISMTLTD,BE,19.05,04/12/17,9.2,28/08/17,43073,42975
ITC,EQ,367.7,10/07/17,242.5,13/01/17,42926,42748
ITDC,EQ,747,24/04/17,212.5,12/01/17,42849,42747
ITDCEM,EQ,235.2,13/11/17,145,22/02/17,43052,42788
ITI,EQ,164.9,26/10/17,40.35,27/02/17,43034,42793
IVC,EQ,35.25,26/12/17,13.5,25/09/17,43095,43003
IVP,EQ,233.4,09/01/18,120.75,10/02/17,43109,42776
IVRCLINFRA,BE,7.95,02/01/18,4,29/08/17,43102,42976
IVZINGOLD,EQ,3226.6,19/10/17,2407,20/03/17,43027,42814
IVZINNIFTY,EQ,1107,26/12/17,790,07/03/17,43095,42801
IZMO,EQ,86,04/01/18,42.85,11/08/17,43104,42958
J&KBANK,EQ,95.75,20/06/17,59.6,11/01/17,42906,42746
JAGRAN,EQ,208.9,18/04/17,160,17/11/17,42843,43056
JAGSNPHARM,EQ,50.85,21/04/17,28,11/08/17,42846,42958
JAIBALAJI,BE,27.2,29/12/17,10.1,05/09/17,43098,42983
JAICORPLTD,EQ,223.3,11/01/18,68.05,01/02/17,43111,42767
JAINSTUDIO,BE,7.4,27/02/17,3.75,21/08/17,42793,42968
JAMNAAUTO,EQ,89.9,11/01/18,35.81,18/01/17,43111,42753
JAYAGROGN,EQ,570,01/08/17,250.13,23/01/17,42948,42758
JAYBARMARU,EQ,747,17/07/17,317.45,11/01/17,42933,42746
JAYNECOIND,BE,11.95,11/01/18,6.4,30/08/17,43111,42977
JAYSREETEA,BE,143.8,30/11/17,90.5,27/09/17,43069,43005
JBCHEPHARM,EQ,367.95,02/02/17,259,28/09/17,42768,43006
JBFIND,EQ,326,22/06/17,136,10/08/17,42908,42957
JBMA,EQ,629,18/09/17,236.35,01/02/17,42996,42767
JCHAC,EQ,2775,18/10/17,1320.15,16/02/17,43026,42782
JENSONICOL,BE,17,09/03/17,6.65,11/01/18,42803,43111
JETAIRWAYS,EQ,883.45,05/01/18,351.05,15/02/17,43105,42781
JHS,EQ,82.85,09/10/17,36.5,10/03/17,43017,42804
JINDALPHOT,BE,123,20/03/17,62.55,31/08/17,42814,42978
JINDALPOLY,EQ,476.75,17/03/17,315,01/03/17,42811,42795
JINDALSAW,EQ,178.25,11/01/18,57.65,01/02/17,43111,42767
JINDALSTEL,EQ,274.3,11/01/18,74.8,11/01/17,43111,42746
JINDCOT,BZ,18.2,23/01/17,8.7,05/01/18,42758,43105
JINDRILL,EQ,234.95,11/01/18,133.3,30/05/17,43111,42885
JINDWORLD,EQ,650,13/12/17,85.5,15/02/17,43082,42781
JISLDVREQS,EQ,97.9,05/01/18,57,15/02/17,43105,42781
JISLJALEQS,EQ,140.4,11/01/18,82.6,24/05/17,43111,42879
JITFINFRA,BE,83.15,27/03/17,36.5,19/10/17,42821,43027
JKCEMENT,EQ,1196,15/05/17,680,13/01/17,42870,42748
JKIL,EQ,362.8,11/01/18,181.9,14/08/17,43111,42961
JKLAKSHMI,EQ,536.95,17/05/17,345.3,24/01/17,42872,42759
JKPAPER,EQ,169.9,05/01/18,87.75,13/01/17,43105,42748
JKTYRE,EQ,186.3,09/06/17,111.55,14/02/17,42895,42780
JMA,EQ,294.9,22/11/17,178.15,13/01/17,43061,42748
JMCPROJECT,EQ,688,11/01/18,212.6,16/01/17,43111,42751
JMFINANCIL,EQ,191.6,16/10/17,67.75,01/02/17,43024,42767
JMTAUTOLTD,BE,22.2,12/01/17,3.4,18/10/17,42747,43026
JOCIL,EQ,238,07/11/17,156,29/05/17,43046,42884
JPASSOCIAT,EQ,30.45,28/07/17,9.15,24/05/17,42944,42879
JPINFRATEC,EQ,25.55,08/01/18,7.9,23/01/17,43108,42758
JPOLYINVST,EQ,108.75,17/03/17,48.2,14/08/17,42811,42961
JPPOWER,EQ,10.2,01/01/18,3.9,30/01/17,43101,42765
JSL,EQ,132.75,08/01/18,38.55,16/01/17,43108,42751
JSLHISAR,EQ,252.4,11/01/18,93.6,17/01/17,43111,42752
JSWENERGY,EQ,96.4,11/01/18,58.7,24/01/17,43111,42759
JSWHL,EQ,2010,11/09/17,1426.6,16/01/17,42989,42751
JSWSTEEL,EQ,289.9,05/01/18,175.15,10/03/17,43105,42804
JUBILANT,EQ,878,12/04/17,600,25/10/17,42837,43033
JUBLFOOD,EQ,1967,10/01/18,817.2,30/05/17,43110,42885
JUBLINDS,EQ,417.8,02/02/17,195.4,08/11/17,42768,43047
JUNIORBEES,EQ,325.96,09/01/18,224.61,11/01/17,43109,42746
JUSTDIAL,EQ,619.85,17/03/17,327.55,11/08/17,42811,42958
JVLAGRO,EQ,37.7,11/01/18,17.7,01/06/17,43111,42887
JYOTHYLAB,EQ,442.5,19/09/17,324.5,16/11/17,42997,43055
JYOTISTRUC,EQ,15.5,20/09/17,6.85,16/06/17,42998,42902
KABRAEXTRU,EQ,168.6,13/06/17,106.05,30/03/17,42899,42824
KAJARIACER,EQ,789.8,10/05/17,509.5,13/01/17,42865,42748
KAKATCEM,EQ,448,08/05/17,293.05,20/01/17,42863,42755
KALPATPOWR,EQ,534.9,11/01/18,261.65,20/01/17,43111,42755
KALYANIFRG,BE,416.4,05/01/18,254.75,19/01/17,43105,42754
KAMATHOTEL,EQ,152.5,11/01/18,29.7,15/03/17,43111,42809
KAMDHENU,BE,262.35,11/01/18,82.4,11/01/17,43111,42746
KANANIIND,EQ,18.1,11/01/17,8.4,07/12/17,42746,43076
KANORICHEM,EQ,112.5,10/01/18,67,14/03/17,43110,42808
KANSAINER,EQ,614,29/12/17,323.35,18/01/17,43098,42753
KARMAENG,BE,74,09/02/17,31,12/06/17,42775,42898
KARURVYSYA,EQ,161.4,18/09/17,83,01/02/17,42996,42767
KAUSHALYA,EQ,6.6,30/03/17,2.4,21/06/17,42824,42907
KAVVERITEL,EQ,15.75,30/03/17,8.3,11/08/17,42824,42958
KAYA,EQ,1204.9,12/06/17,710,23/03/17,42898,42817
KCP,EQ,171.2,04/01/18,83.1,01/02/17,43104,42767
KCPSUGIND,EQ,42.85,07/02/17,26.7,22/08/17,42773,42969
KDDL,BE,355,24/11/17,169.3,15/02/17,43063,42781
KEC,EQ,392,10/01/18,140,12/01/17,43110,42747
KECL,EQ,56.9,25/07/17,36.55,10/03/17,42941,42804
KEI,EQ,423.5,12/12/17,133,20/01/17,43081,42755
KELLTONTEC,BE,149.55,27/02/17,80.6,23/08/17,42793,42970
KERNEX,BZ,60.5,20/04/17,31.55,14/08/17,42845,42961
KESARENT,EQ,140.75,30/05/17,40.3,01/02/17,42885,42767
KESORAMIND,EQ,173.7,10/01/18,119.5,16/11/17,43110,43055
KEYCORPSER,EQ,97.8,20/06/17,35.15,11/01/17,42906,42746
KGL,BE,2.5,11/01/18,1,22/06/17,43111,42908
KHADIM,EQ,739.65,14/11/17,650,18/12/17,43053,43087
KHAITANLTD,EQ,47.55,11/01/18,10,03/02/17,43111,42769
KHANDSE,BE,33.8,04/01/18,12.15,17/11/17,43104,43056
KICL,EQ,2949,27/12/17,1165.3,20/01/17,43096,42755
KILITCH,EQ,95.7,11/12/17,43.05,16/02/17,43080,42782
KINGFA,EQ,894.9,18/04/17,42.33,16/02/17,42843,42782
KIOCL,EQ,502.85,14/11/17,12,09/02/17,43053,42775
KIRIINDUS,EQ,671.7,11/01/18,230,11/08/17,43111,42958
KIRLOSBROS,EQ,394.45,04/01/18,190.6,12/01/17,43104,42747
KIRLOSENG,EQ,454.3,26/12/17,321.2,18/01/17,43095,42753
KIRLOSIND,EQ,1700,01/11/17,800,23/01/17,43040,42758
KITEX,EQ,383.57,25/04/17,206,25/09/17,42850,43003
KKCL,EQ,2143.5,08/01/18,1601,25/09/17,43108,43003
KMSUGAR,EQ,37.5,08/02/17,16.7,08/12/17,42774,43077
KNRCON,EQ,349,27/12/17,165.5,16/01/17,43096,42751
KOHINOOR,EQ,95.75,08/01/18,58.55,10/08/17,43108,42957
KOKUYOCMLN,EQ,157,14/12/17,80,14/02/17,43083,42780
KOLTEPATIL,EQ,404.8,29/11/17,84.8,20/01/17,43068,42755
KOPRAN,EQ,102.45,12/04/17,51.1,01/02/17,42837,42767
KOTAKBANK,EQ,1115.05,18/10/17,708,11/01/17,43026,42746
KOTAKBKETF,EQ,275,03/01/18,188,11/01/17,43103,42746
KOTAKGOLD,EQ,279.7,19/10/17,246,10/07/17,43027,42926
KOTAKNIFTY,EQ,115.5,27/07/17,84.01,11/01/17,42943,42746
KOTAKNV20,EQ,54.55,25/10/17,32,27/01/17,43033,42762
KOTAKPSUBK,EQ,420,17/11/17,294.6,17/10/17,43056,43025
KOTARISUG,EQ,24.8,13/12/17,12.1,30/05/17,43082,42885
KOTHARIPET,EQ,36.25,01/12/17,20.3,30/05/17,43070,42885
KOTHARIPRO,EQ,248,27/12/17,164,11/08/17,43096,42958
KPIT,EQ,211.8,11/01/18,104.05,11/08/17,43111,42958
KPRMILL,EQ,884,08/06/17,530.15,13/01/17,42894,42748
KRBL,EQ,675,02/11/17,311.45,11/01/17,43041,42746
KREBSBIO,BE,169.75,05/01/18,73.5,22/03/17,43105,42816
KRIDHANINF,EQ,142.4,05/01/18,47.15,24/03/17,43105,42818
KSBPUMPS,EQ,928.5,29/12/17,598,20/03/17,43098,42814
KSCL,EQ,708,07/08/17,427.1,13/01/17,42954,42748
KSERASERA,BE,0.35,11/01/18,0.1,02/11/17,43111,43041
KSK,BE,19.65,11/01/18,6.2,05/09/17,43111,42983
KSL,EQ,469.05,20/06/17,317.55,11/01/17,42906,42746
KTIL,EQ,250,31/08/17,170.35,05/06/17,42978,42891
KTKBANK,EQ,181,02/06/17,111.7,24/01/17,42888,42759
KWALITY,EQ,168.8,20/04/17,95.2,05/09/17,42845,42983
L&TFH,EQ,213.85,24/10/17,93.2,23/01/17,43032,42758
LAKPRE,EQ,62,09/01/18,35.2,14/02/17,43109,42780
LAKSHMIEFL,BE,76.85,07/02/17,27,05/10/17,42773,43013
LAKSHVILAS,EQ,194.44,06/07/17,123.01,12/10/17,42922,43020
LALPATHLAB,EQ,1125,31/01/17,723.05,24/10/17,42766,43032
LAMBODHARA,EQ,89.3,07/02/17,52,22/08/17,42773,42969
LAOPALA,EQ,717.2,04/12/17,432.55,06/02/17,43073,42772
LASA,BE,214,04/01/18,126,28/09/17,43104,43006
LAURUSLABS,EQ,640,10/07/17,418.9,29/08/17,42926,42976
LAXMIMACH,EQ,6619,08/01/18,3650,23/02/17,43108,42789
LCCINFOTEC,BE,1.3,11/01/18,0.15,24/08/17,43111,42971
LEEL,EQ,340.35,17/02/17,166.1,14/08/17,42783,42961
LFIC,BE,118.1,08/08/17,51.8,16/01/17,42955,42751
LGBBROSLTD,EQ,1143.75,21/12/17,533.95,10/02/17,43090,42776
LIBERTSHOE,EQ,310,18/09/17,159.95,20/02/17,42996,42786
LICHSGFIN,EQ,794,20/06/17,513.05,23/01/17,42906,42758
LICNETFGSC,EQ,20.55,23/08/17,14,06/03/17,42970,42800
LICNETFN50,EQ,127,28/12/17,77,21/02/17,43097,42787
LICNETFSEN,EQ,416,05/01/18,234.5,09/02/17,43105,42775
LICNFNHGP,EQ,123.67,17/08/17,70.1,18/01/17,42964,42753
LINCOLN,EQ,256.8,29/03/17,145,11/08/17,42823,42958
LINCPEN,EQ,532.5,08/01/18,220,28/09/17,43108,43006
LINDEINDIA,EQ,564.9,08/01/18,351.5,17/01/17,43108,42752
LIQUIDBEES,EQ,1019.44,16/06/17,970,01/02/17,42902,42767
LITL,BE,4.6,08/02/17,0.7,01/09/17,42774,42979
LML,BE,14.3,12/01/17,7.1,18/12/17,42747,43087
LOKESHMACH,EQ,109.55,04/05/17,66.35,18/12/17,42859,43087
LOTUSEYE,BE,42.85,17/07/17,25.5,28/09/17,42933,43006
LOVABLE,EQ,283.8,15/06/17,215.25,31/05/17,42901,42886
LOWVOLIWIN,EQ,92.21,07/08/17,74.72,11/07/17,42954,42927
LPDC,BE,6.45,09/11/17,2.6,28/09/17,43048,43006
LSIL,BE,3.45,11/01/18,1.25,09/10/17,43111,43017
LT,EQ,1345.95,08/01/18,921.27,23/01/17,43108,42758
LTI,EQ,1229.8,02/01/18,656.3,01/02/17,43102,42767
LTTS,EQ,1154.7,04/01/18,712.25,30/06/17,43104,42916
LUMAXIND,EQ,2250,08/12/17,890.8,11/01/17,43077,42746
LUMAXTECH,EQ,874,19/12/17,415.55,27/02/17,43088,42793
LUPIN,EQ,1573.6,06/02/17,806.25,06/12/17,42772,43075
LUXIND,EQ,1569.4,09/01/18,650,14/03/17,43109,42808
LYCOS,EQ,10.4,12/06/17,4.75,12/12/17,42898,43081
LYKALABS,EQ,81.5,08/01/18,40,28/06/17,43108,42914
LYPSAGEMS,EQ,55.35,18/09/17,34.15,16/11/17,42996,43055
M&M,EQ,785.7,20/12/17,588.68,23/01/17,43089,42758
M&MFIN,EQ,495,09/01/18,263.3,24/01/17,43109,42759
M100,EQ,23.72,04/01/18,15.28,16/01/17,43104,42751
M50,EQ,103.45,02/11/17,75.9,28/02/17,43041,42794
MAANALU,EQ,171,11/01/18,38.9,20/01/17,43111,42755
MADHAV,EQ,86.6,04/01/18,51.4,11/08/17,43104,42958
MADHUCON,EQ,65.4,18/04/17,24.7,06/09/17,42843,42984
MADRASFERT,EQ,52.85,05/01/18,14.4,16/02/17,43105,42782
MAGADSUGAR,EQ,299.9,28/07/17,160,30/08/17,42944,42977
MAGMA,EQ,192,19/09/17,91.9,12/01/17,42997,42747
MAGNUM,EQ,22.7,14/07/17,3.1,21/03/17,42930,42815
MAHABANK,EQ,40.75,04/05/17,20.6,18/12/17,42859,43087
MAHASTEEL,EQ,196,24/01/17,55.95,28/06/17,42759,42914
MAHINDCIE,EQ,271.8,27/12/17,188.55,25/01/17,43096,42760
MAHLIFE,EQ,530,20/09/17,318.83,16/02/17,42998,42782
MAHLOG,EQ,499.5,11/01/18,405.1,17/11/17,43111,43056
MAHSCOOTER,EQ,3450,12/09/17,1583.05,20/01/17,42990,42755
MAHSEAMLES,EQ,552,11/01/18,264.5,13/01/17,43111,42748
MAITHANALL,EQ,984,09/01/18,342,12/01/17,43109,42747
MAJESCO,EQ,589.6,16/10/17,303.3,07/07/17,43024,42923
MALUPAPER,EQ,53,11/12/17,20,28/09/17,43080,43006
MANAKALUCO,EQ,17.25,11/01/18,4.8,11/01/17,43111,42746
MANAKCOAT,EQ,25.4,11/01/18,6.65,23/01/17,43111,42758
MANAKSIA,EQ,86.35,01/09/17,52.05,13/01/17,42979,42748
MANAKSTEEL,BE,54.35,01/11/17,9.1,11/01/17,43040,42746
MANALIPETC,EQ,49.4,24/04/17,30.2,11/08/17,42849,42958
MANAPPURAM,EQ,126.4,08/01/18,71.6,11/01/17,43108,42746
MANDHANA,BE,35.3,13/01/17,5.4,24/08/17,42748,42971
MANGALAM,EQ,225.7,29/12/17,127.05,07/08/17,43098,42954
MANGCHEFER,EQ,89,01/12/17,47.4,15/03/17,43070,42809
MANGLMCEM,EQ,430,10/01/18,263.2,31/01/17,43110,42766
MANGTIMBER,BE,51.75,21/12/17,26,11/08/17,43090,42958
MANINDS,EQ,152.75,05/01/18,45.1,16/02/17,43105,42782
MANINFRA,EQ,74.6,05/01/18,38.05,08/03/17,43105,42802
MANPASAND,EQ,512,15/09/17,269.05,12/01/17,42993,42747
MANUGRAPH,EQ,69.4,19/04/17,42.5,15/02/17,42844,42781
MARALOVER,EQ,61.4,29/12/17,31.35,11/01/17,43098,42746
MARATHON,EQ,666.25,01/01/18,192.45,31/01/17,43101,42766
MARICO,EQ,348.7,13/09/17,252.55,03/02/17,42991,42769
MARKSANS,EQ,58.25,11/04/17,34.2,18/12/17,42836,43087
MARUTI,EQ,9996.4,20/12/17,5642,20/01/17,43089,42755
MASFIN,EQ,701.95,24/10/17,565.05,13/11/17,43032,43052
MASKINVEST,BE,59.2,11/01/18,22.05,06/02/17,43111,42772
MASTEK,EQ,436.95,11/01/18,165,12/01/17,43111,42747
MATRIMONY,EQ,1024,21/09/17,775.55,28/09/17,42999,43006
MAWANASUG,EQ,144.8,11/09/17,54.35,13/01/17,42989,42748
MAXINDIA,EQ,164.4,15/02/17,120,08/01/18,42781,43108
MAXVIL,EQ,113.8,12/04/17,65.55,01/02/17,42837,42767
MAYURUNIQ,EQ,550.9,11/01/18,311,10/08/17,43111,42957
MAZDA,EQ,499.95,09/01/18,309.3,09/03/17,43109,42803
MBECL,BE,79.45,31/07/17,37.6,30/05/17,42947,42885
MBLINFRA,BE,62,19/01/17,20.9,09/08/17,42754,42956
MCDHOLDING,EQ,57.5,09/11/17,35.75,14/08/17,43048,42961
MCDOWELL-N,EQ,4005.15,05/01/18,1830.35,18/04/17,43105,42843
MCLEODRUSS,EQ,248.7,30/11/17,146.3,11/01/17,43069,42746
MCX,EQ,1258.85,11/04/17,896.7,06/12/17,42836,43075
MEGASOFT,BE,24.9,17/04/17,11.9,26/10/17,42842,43034
MEGH,EQ,129.4,07/11/17,36.15,23/05/17,43046,42878
MELSTAR,BE,4.65,12/01/17,2.85,10/01/18,42747,43110
MENONBE,EQ,123.75,08/01/18,66,15/03/17,43108,42809
MEP,EQ,150,10/07/17,38.35,16/02/17,42926,42782
MERCATOR,EQ,55.25,24/04/17,32.7,14/12/17,42849,43083
MERCK,EQ,1387.9,04/01/18,933,24/01/17,43104,42759
METALFORGE,BE,69,07/02/17,24,05/10/17,42773,43013
METKORE,EQ,7.05,21/08/17,2.5,26/07/17,42968,42942
MFSL,EQ,683.95,16/05/17,512.3,09/03/17,42871,42803
MGL,EQ,1377.5,03/11/17,831.25,18/01/17,43042,42753
MHRIL,EQ,490,10/07/17,261.4,11/01/17,42926,42746
MIC,BE,16,06/04/17,6.75,11/08/17,42831,42958
MIDCAPIWIN,EQ,83,11/12/17,53.25,11/01/17,43080,42746
MINDACORP,EQ,228.8,27/12/17,88.2,01/02/17,43096,42767
MINDAIND,EQ,1338.25,21/12/17,322.6,13/01/17,43090,42748
MINDTECK,EQ,104,30/01/17,63.65,28/09/17,42765,43006
MINDTREE,EQ,643.2,08/01/18,433.35,01/02/17,43108,42767
MIRCELECTR,EQ,64.7,20/12/17,11.5,24/08/17,43089,42971
MIRZAINT,EQ,183.65,11/09/17,84,13/04/17,42989,42838
MMFL,EQ,1219.5,05/01/18,437.55,13/01/17,43105,42748
MMTC,EQ,101.7,07/11/17,53.5,11/08/17,43046,42958
MOHITIND,EQ,66.7,04/01/18,36,13/11/17,43104,43052
MOHOTAIND,EQ,444,01/01/18,63.3,03/05/17,43101,42858
MOIL,EQ,285.85,24/10/17,147,25/05/17,43032,42880
MOLDTECH,BE,79.65,22/11/17,44,11/08/17,43061,42958
MOLDTKPAC,EQ,344.8,23/10/17,194.5,13/02/17,43031,42779
MONNETISPA,EQ,44.5,17/05/17,24,16/01/17,42872,42751
MONSANTO,EQ,2980,19/06/17,2155.6,19/09/17,42905,42997
MONTECARLO,EQ,664,10/01/18,361.9,09/02/17,43110,42775
MORARJEE,EQ,65,10/01/18,46.3,06/10/17,43110,43014
MOREPENLAB,EQ,44.15,27/12/17,14.7,11/08/17,43096,42958
MOSERBAER,EQ,8.55,11/01/17,3.95,18/12/17,42746,43087
MOTHERSUMI,EQ,395.6,20/12/17,214,23/01/17,43089,42758
MOTILALOFS,EQ,1588.4,08/01/18,517.05,11/01/17,43108,42746
MOTOGENFIN,EQ,58,11/12/17,24.1,12/09/17,43080,42990
MPHASIS,EQ,775,10/11/17,516,17/01/17,43049,42752
MPSLTD,EQ,773.75,16/01/17,555.25,14/08/17,42751,42961
MRF,EQ,74500,26/12/17,49577,22/02/17,43095,42788
MRO-TEK,BE,73.5,17/02/17,39.9,11/01/18,42783,43111
MRPL,EQ,146.7,31/10/17,97.3,31/01/17,43039,42766
MSPL,BE,26.1,11/01/18,12.1,22/03/17,43111,42816
MTEDUCARE,BE,139.7,25/01/17,52.45,11/08/17,42760,42958
MTNL,EQ,31.25,03/01/18,16.8,11/08/17,43103,42958
MUKANDENGG,EQ,70.4,15/05/17,33.7,31/01/17,42870,42766
MUKANDLTD,EQ,109.35,24/10/17,54.6,15/02/17,43032,42781
MUKTAARTS,EQ,120.1,22/06/17,72.4,11/08/17,42908,42958
MUNJALAU,EQ,98.35,05/01/18,45,23/01/17,43105,42758
MUNJALSHOW,EQ,313,09/01/18,184.05,23/05/17,43109,42878
MURUDCERA,EQ,58.5,28/08/17,29.4,11/01/17,42975,42746
MUTHOOTCAP,EQ,740,13/10/17,193.09,11/01/17,43021,42746
MUTHOOTFIN,EQ,525.5,13/09/17,285.2,11/01/17,42991,42746
N100,EQ,487.47,05/01/18,325,26/04/17,43105,42851
NACLIND,EQ,69.35,08/01/18,25.9,23/05/17,43108,42878
NAGAFERT,EQ,28.4,04/01/18,10.3,13/01/17,43104,42748
NAGAROIL,EQ,6.15,21/04/17,2.9,10/10/17,42846,43018
NAGREEKCAP,EQ,79.55,15/12/17,10.65,16/02/17,43084,42782
NAGREEKEXP,BE,61.2,28/11/17,26,11/08/17,43067,42958
NAHARCAP,EQ,225.5,28/12/17,92,16/01/17,43097,42751
NAHARINDUS,EQ,149.9,24/04/17,86.55,11/08/17,42849,42958
NAHARPOLY,EQ,78.4,01/01/18,49.1,14/08/17,43101,42961
NAHARSPING,EQ,164.35,07/02/17,98.35,28/09/17,42773,43006
NAKODA,BE,0.55,21/04/17,0.25,24/10/17,42846,43032
NATCOPHARM,EQ,1090,09/06/17,605.8,24/01/17,42895,42759
NATHBIOGEN,EQ,536.1,10/01/18,142.5,21/03/17,43110,42815
NATIONALUM,EQ,97.6,01/11/17,61.35,27/06/17,43040,42913
NATNLSTEEL,EQ,51.6,28/11/17,20.05,11/01/17,43067,42746
NAUKRI,EQ,1434.45,05/01/18,796.2,03/04/17,43105,42828
NAVINFLUOR,EQ,880,26/12/17,492.78,14/02/17,43095,42780
NAVKARCORP,EQ,247,12/05/17,155.5,16/02/17,42867,42782
NAVNETEDUL,EQ,193.5,12/06/17,115.05,18/01/17,42898,42753
NBCC,EQ,291.3,08/11/17,155.7,17/02/17,43047,42783
NBIFIN,EQ,2520,17/04/17,254.35,11/01/17,42842,42746
NBVENTURES,EQ,178.25,08/01/18,110.55,09/02/17,43108,42775
NCC,EQ,141.4,10/01/18,76.2,10/08/17,43110,42957
NCLIND,EQ,290,05/01/18,120,23/01/17,43105,42758
NDGL,EQ,2365,10/01/18,361,06/03/17,43110,42800
NDL,EQ,186.7,10/10/17,111.2,10/02/17,43018,42776
NDTV,EQ,78.8,07/02/17,35,29/08/17,42773,42976
NECCLTD,EQ,111.2,07/02/17,30.3,16/11/17,42773,43055
NECLIFE,EQ,43.65,20/04/17,23.8,11/08/17,42845,42958
NELCAST,EQ,109.2,30/11/17,47.1,31/01/17,43069,42766
NELCO,EQ,148.3,10/01/18,76.35,15/03/17,43110,42809
NESCO,EQ,587.6,08/09/17,400.2,23/01/17,42986,42758
NESTLEIND,EQ,8039.05,14/12/17,5828,31/01/17,43083,42766
NETWORK18,EQ,63.2,27/12/17,27.45,31/03/17,43096,42825
NEULANDLAB,EQ,1727,05/04/17,829.2,11/01/18,42830,43111
NEXTMEDIA,BE,29.2,14/02/17,16.15,05/09/17,42780,42983
NFL,EQ,89.45,15/05/17,42.4,12/01/17,42870,42747
NH,EQ,350,01/02/17,281.45,19/12/17,42767,43088
NHPC,EQ,34.5,04/01/18,26.25,28/11/17,43104,43067
NIACL,EQ,750,13/11/17,533.1,18/12/17,43052,43087
NIBL,EQ,45,15/05/17,27.5,14/08/17,42870,42961
NIF100IWIN,EQ,123,19/06/17,77,01/03/17,42905,42795
NIFTYBEES,EQ,1102.25,11/01/18,830,30/01/17,43111,42765
NIFTYEES,EQ,13050,26/12/17,8518,11/01/17,43095,42746
NIFTYIWIN,EQ,120,27/11/17,84,11/01/17,43066,42746
NIITLTD,EQ,119,18/09/17,71.8,01/02/17,42996,42767
NIITTECH,EQ,735,11/01/18,400.75,01/02/17,43111,42767
NILAINFRA,EQ,29.1,27/12/17,14.05,23/01/17,43096,42758
NILKAMAL,EQ,2275,11/05/17,1450,16/01/17,42866,42751
NIPPOBATRY,EQ,1140,08/01/18,805.1,17/08/17,43108,42964
NITCO,EQ,128.8,05/12/17,52,30/03/17,43074,42824
NITESHEST,EQ,23,09/01/18,7.05,17/02/17,43109,42783
NITINFIRE,EQ,32.35,07/02/17,3.6,31/08/17,42773,42978
NITINSPIN,EQ,144.9,08/05/17,76,31/01/17,42863,42766
NKIND,BE,84.9,29/11/17,32.5,17/11/17,43068,43056
NLCINDIA,EQ,122.9,23/03/17,83.1,12/01/17,42817,42747
NMDC,EQ,162.7,08/01/18,102.8,27/06/17,43108,42913
NOCIL,EQ,236.4,05/01/18,70.9,13/01/17,43105,42748
NOIDATOLL,EQ,17.15,14/09/17,8.15,18/08/17,42992,42965
NRAIL,EQ,503,09/01/18,223,07/04/17,43109,42832
NRBBEARING,EQ,182.3,27/12/17,102.65,01/02/17,43096,42767
NSIL,EQ,1511,27/12/17,760,11/01/17,43096,42746
NTL,BE,9.45,31/01/17,3.3,31/10/17,42766,43039
NTPC,EQ,188,27/10/17,153.15,29/05/17,43035,42884
NUCLEUS,EQ,602,01/12/17,236.2,23/03/17,43070,42817
NUTEK,EQ,2,08/12/17,0.55,23/10/17,43077,43031
NV20IWIN,EQ,56,14/12/17,37,25/01/17,43083,42760
OBEROIRLTY,EQ,561.95,11/01/18,302,27/01/17,43111,42762
OCCL,EQ,1599.7,04/01/18,777,11/01/17,43104,42746
OCL,EQ,1624,28/11/17,756,11/01/17,43067,42746
OFSS,EQ,4218.15,03/01/18,3113,11/01/17,43103,42746
OIL,EQ,388.95,10/01/18,257.1,30/06/17,43110,42916
OILCOUNTUB,EQ,66.5,11/01/18,39.1,14/08/17,43111,42961
OISL,BE,8.35,27/01/17,3.3,23/08/17,42762,42970
OMAXAUTO,EQ,109.65,04/01/18,62.05,27/09/17,43104,43005
OMAXE,EQ,235.45,10/01/18,159.05,11/01/17,43110,42746
OMKARCHEM,EQ,206,09/05/17,71.1,19/12/17,42864,43088
OMMETALS,EQ,84.45,03/11/17,38.6,22/03/17,43042,42816
ONELIFECAP,BE,35.9,23/10/17,17.55,14/03/17,43031,42808
ONGC,EQ,211.8,31/01/17,155.2,27/06/17,42766,42913
ONMOBILE,EQ,94.8,11/04/17,51.7,18/12/17,42836,43087
ONWARDTEC,EQ,169.9,17/10/17,64.55,16/02/17,43025,42782
OPTIEMUS,BE,254,11/01/18,36.4,16/10/17,43111,43024
OPTOCIRCUI,BE,12.3,07/04/17,6.8,05/10/17,42832,43013
ORBTEXP,EQ,190,05/01/18,116,23/05/17,43105,42878
ORCHIDPHAR,BE,40,18/04/17,16.65,06/09/17,42843,42984
ORICONENT,EQ,72.5,30/10/17,49.7,01/02/17,43038,42767
ORIENTABRA,EQ,67.4,22/11/17,26.7,24/08/17,43061,42971
ORIENTALTL,BE,22.9,13/10/17,5.75,16/01/17,43021,42751
ORIENTBANK,EQ,191,05/05/17,111,23/01/17,42860,42758
ORIENTBELL,EQ,374.8,19/09/17,155.25,15/02/17,42997,42781
ORIENTCEM,EQ,183.6,05/01/18,124.65,23/03/17,43105,42817
ORIENTHOT,EQ,54.35,10/01/18,22.25,20/01/17,43110,42755
ORIENTLTD,BE,233.95,28/12/17,58.3,22/02/17,43097,42788
ORIENTPPR,BE,181.9,10/01/18,52.3,11/01/18,43110,43111
ORIENTREF,EQ,186.3,08/01/18,110.95,07/02/17,43108,42773
ORISSAMINE,EQ,2500,11/01/17,1588,11/08/17,42746,42958
ORTEL,EQ,157.95,13/01/17,26,17/08/17,42748,42964
ORTINLABSS,BE,34.4,27/12/17,14.75,11/08/17,43096,42958
PAEL,BE,18.9,28/02/17,6.95,26/12/17,42794,43095
PAGEIND,EQ,25789.95,19/12/17,13680,19/04/17,43088,42844
PALASHSECU,BE,102.9,02/11/17,49,28/07/17,43041,42944
PALREDTEC,EQ,182.75,24/03/17,82.3,11/08/17,42818,42958
PANACEABIO,EQ,302.65,29/11/17,122,16/01/17,43068,42751
PANAMAPET,EQ,265,26/12/17,69.33,18/01/17,43095,42753
PANORAMUNI,EQ,15.6,25/04/17,6.7,11/08/17,42850,42958
PAPERPROD,EQ,373.8,09/01/18,200.95,26/09/17,43109,43004
PARABDRUGS,BE,12,23/10/17,5.5,03/10/17,43031,43011
PARACABLES,EQ,19.7,28/12/17,3.1,27/01/17,43097,42762
PARAGMILK,EQ,318.4,04/01/18,202,16/02/17,43104,42782
PARSVNATH,EQ,33.85,01/12/17,12.25,30/03/17,43070,42824
PATELENG,EQ,107,25/04/17,64.15,10/08/17,42850,42957
PATINTLOG,EQ,98,13/07/17,67,11/08/17,42929,42958
PATSPINLTD,EQ,44,14/11/17,10.55,12/01/17,43053,42747
PBAINFRA,BE,31.65,09/02/17,14.5,11/08/17,42775,42958
PCJEWELLER,EQ,543.6,11/01/18,176.95,15/02/17,43111,42781
PDMJEPAPER,EQ,34.1,10/10/17,18.1,10/03/17,43018,42804
PDPL,BE,32,21/04/17,16.25,17/11/17,42846,43056
PDSMFL,EQ,318.55,11/01/18,135.95,27/01/17,43111,42762
PDUMJEPULP,EQ,35.45,05/01/18,19.1,22/03/17,43105,42816
PEARLPOLY,EQ,53.7,09/01/18,24.6,01/02/17,43109,42767
PEL,EQ,3088.95,13/06/17,1661,02/02/17,42899,42768
PENIND,EQ,79.45,09/01/18,39.75,15/02/17,43109,42781
PENINLAND,EQ,44,08/01/18,14.1,13/01/17,43108,42748
PENPEBS,EQ,164.7,11/01/17,81.75,18/08/17,42746,42965
PERSISTENT,EQ,755,11/01/18,559,11/04/17,43111,42836
PETRONENGG,EQ,218,03/05/17,118,11/08/17,42858,42958
PETRONET,EQ,275.65,09/11/17,175.8,18/01/17,43048,42753
PFC,EQ,168.9,11/04/17,112.7,18/12/17,42836,43087
PFIZER,EQ,2095,29/12/17,1642,30/05/17,43098,42885
PFOCUS,EQ,135,05/01/18,69.15,11/01/17,43105,42746
PFS,EQ,50.75,15/05/17,34.6,13/12/17,42870,43082
PGEL,EQ,451,04/01/18,155,03/02/17,43104,42769
PGHH,EQ,9900,06/12/17,6611.15,14/03/17,43075,42808
PGIL,EQ,176.3,10/07/17,110,24/03/17,42926,42818
PHILIPCARB,EQ,1594,09/01/18,238.05,16/01/17,43109,42751
PHOENIXLTD,EQ,683,28/12/17,341.25,15/02/17,43097,42781
PIDILITIND,EQ,971.7,26/12/17,624.1,17/01/17,43095,42752
PIIND,EQ,1034,09/01/18,675,11/08/17,43109,42958
PILANIINVS,BE,3310,29/12/17,1435.55,13/01/17,43098,42748
PILITA,BE,20.2,10/05/17,10.3,22/08/17,42865,42969
PINCON,EQ,80.15,27/01/17,28.55,12/12/17,42762,43081
PIONDIST,EQ,254.4,12/06/17,127.35,10/05/17,42898,42865
PIONEEREMB,EQ,64.6,18/01/17,33.1,04/10/17,42753,43012
PITTILAM,EQ,118.6,20/12/17,46,11/08/17,43089,42958
PKTEA,EQ,440,11/01/18,140,31/08/17,43111,42978
PLASTIBLEN,EQ,334.4,06/07/17,219,14/12/17,42922,43083
PNB,EQ,231.45,26/10/17,120.15,11/01/17,43034,42746
PNBGILTS,EQ,64.7,07/02/17,41.2,18/12/17,42773,43087
PNBHOUSING,EQ,1717.65,30/08/17,800.2,17/01/17,42977,42752
PNC,BE,31.7,15/12/17,17.1,06/10/17,43084,43014
PNCINFRA,EQ,228.3,26/12/17,99.5,06/03/17,43095,42800
POCHIRAJU,EQ,10,11/01/17,4,23/08/17,42746,42970
PODDARHOUS,EQ,1645,11/12/17,870,26/04/17,43080,42851
PODDARMENT,EQ,359.45,13/11/17,211.75,16/01/17,43052,42751
POKARNA,EQ,323.6,25/04/17,196.6,27/09/17,42850,43005
POLARIS,EQ,407.1,09/01/18,153.6,01/02/17,43109,42767
POLYMED,EQ,633.15,20/03/17,191.2,04/09/17,42814,42982
POLYPLEX,EQ,602,10/01/18,355.5,17/02/17,43110,42783
PONNIERODE,EQ,259.7,11/01/17,149.5,29/12/17,42746,43098
POWERGRID,EQ,226.6,08/08/17,185.9,11/01/17,42955,42746
POWERMECH,EQ,922.25,03/01/18,389.15,10/03/17,43103,42804
PPAP,EQ,723.1,01/01/18,164.5,11/01/17,43101,42746
PRABHAT,EQ,257.9,18/12/17,93.4,24/05/17,43087,42879
PRADIP,EQ,3.7,11/01/18,1.5,14/08/17,43111,42961
PRAENG,EQ,20.3,10/01/18,7.5,23/08/17,43110,42970
PRAJIND,EQ,129.5,11/01/18,65,10/07/17,43111,42926
PRAKASH,EQ,238.5,09/01/18,60,11/01/17,43109,42746
PRAKASHCON,EQ,9.8,11/01/18,3.15,11/08/17,43111,42958
PRATIBHA,BE,15.75,11/01/17,5.65,16/10/17,42746,43024
PRECAM,EQ,168,16/01/17,95.4,11/08/17,42751,42958
PRECOT,EQ,116.3,28/11/17,65,07/06/17,43067,42893
PRECWIRE,EQ,324.65,19/12/17,112.25,13/01/17,43088,42748
PREMEXPLN,EQ,539,16/06/17,330,30/03/17,42902,42824
PREMIER,EQ,42.35,20/01/17,27.55,14/11/17,42755,43053
PREMIERPOL,EQ,65.6,03/10/17,26.05,10/03/17,43011,42804
PRESSMN,EQ,88,27/11/17,44,23/01/17,43066,42758
PRESTIGE,EQ,354.7,09/01/18,155.95,31/01/17,43109,42766
PRICOLLTD,EQ,137.55,03/01/18,75.75,23/05/17,43103,42878
PRIMESECU,EQ,66.95,19/12/17,23.6,15/02/17,43088,42781
PRISMCEM,EQ,145,05/01/18,88.15,20/01/17,43105,42755
PROVOGE,BE,11.1,14/12/17,3.5,11/09/17,43083,42989
PROZONINTU,EQ,78.4,12/12/17,32.7,09/03/17,43081,42803
PSB,EQ,72.3,05/05/17,44.85,19/10/17,42860,43027
PSL,EQ,7.95,03/03/17,2.7,12/09/17,42797,42990
PSPPROJECT,EQ,595,09/01/18,190,29/05/17,43109,42884
PSUBNKBEES,EQ,488,17/11/17,271.9,05/10/17,43056,43013
PTC,EQ,130.45,21/09/17,79.35,11/01/17,42999,42746
PTL,BE,178,20/03/17,37,11/08/17,42814,42958
PUNJABCHEM,EQ,498,03/01/18,255.85,13/02/17,43103,42779
PUNJLLOYD,EQ,29,01/01/18,17.75,20/06/17,43101,42906
PURVA,EQ,182.3,22/12/17,43.2,13/01/17,43091,42748
PVP,EQ,8.9,27/12/17,4.2,15/09/17,43096,42993
PVR,EQ,1655,28/04/17,1142.05,28/09/17,42853,43006
QGOLDHALF,EQ,1362.95,27/02/17,1240,12/07/17,42793,42928
QNIFTY,EQ,1148.7,10/01/18,827.3,15/06/17,43110,42901
QUESS,EQ,1194.9,03/01/18,630,03/03/17,43103,42797
QUICKHEAL,EQ,404,11/01/18,172.2,14/08/17,43111,42961
RADICO,EQ,326.9,08/01/18,106.55,19/04/17,43108,42844
RADIOCITY,EQ,459,09/01/18,333.5,23/05/17,43109,42878
RAIN,EQ,475,09/01/18,54.7,11/01/17,43109,42746
RAINBOWPAP,EQ,6.35,01/02/17,2.3,08/12/17,42767,43077
RAJESHEXPO,EQ,865,23/10/17,483,23/01/17,43031,42758
RAJOIL,BZ,2.5,25/01/17,1.05,13/10/17,42760,43021
RAJRAYON,BE,0.55,11/01/18,0.1,20/06/17,43111,42906
RAJSREESUG,EQ,77.85,02/02/17,49.45,04/07/17,42768,42920
RAJTV,EQ,74.7,03/11/17,54.3,28/06/17,43042,42914
RAJVIR,EQ,47.5,03/10/17,36.7,14/03/17,43011,42808
RALLIS,EQ,290,27/12/17,205,29/09/17,43096,43007
RAMANEWS,EQ,41,11/01/17,18.15,11/08/17,42746,42958
RAMASTEEL,EQ,271,11/01/18,109.95,17/01/17,43111,42752
RAMCOCEM,EQ,831,21/12/17,591.5,13/01/17,43090,42748
RAMCOIND,EQ,317.05,24/10/17,190.25,20/01/17,43032,42755
RAMCOSYS,EQ,572.4,11/01/18,312.05,15/06/17,43111,42901
RAMGOPOLY,BE,3,11/01/18,2.6,03/01/18,43111,43103
RAMKY,EQ,271.65,06/12/17,62.7,11/01/17,43075,42746
RAMSARUP,BE,3,01/11/17,1.35,05/09/17,43040,42983
RANASUG,EQ,15.35,07/02/17,6.05,18/12/17,42773,43087
RANEENGINE,EQ,744,16/06/17,540.15,11/08/17,42902,42958
RANEHOLDIN,EQ,2595,08/01/18,746.25,16/01/17,43108,42751
RATNAMANI,EQ,1125,05/01/18,653.45,31/01/17,43105,42766
RAYMOND,EQ,1141.55,09/01/18,492.15,27/01/17,43109,42762
RBL,EQ,1450,16/06/17,910.25,09/03/17,42902,42803
RBLBANK,EQ,600.9,03/05/17,362.55,13/01/17,42858,42748
RCF,EQ,111.3,08/01/18,53.35,09/03/17,43108,42803
RCOM,EQ,41,05/04/17,9.6,15/11/17,42830,43054
RECLTD,EQ,223.9,09/05/17,128.5,11/01/17,42864,42746
REDINGTON,EQ,209.9,10/11/17,98.85,12/01/17,43049,42747
REFEX,EQ,30.95,07/11/17,12.45,24/08/17,43046,42971
REGENCERAM,BE,10.1,04/05/17,4.15,12/10/17,42859,43020
RELAXO,EQ,725.1,18/12/17,397.95,11/01/17,43087,42746
RELCAPITAL,EQ,879.9,01/09/17,397,18/12/17,42979,43087
RELCNX100,EQ,120,09/01/18,87.16,11/01/17,43109,42746
RELCONS,EQ,62.96,28/12/17,37.46,11/01/17,43097,42746
RELDIVOPP,EQ,32.99,06/12/17,20.51,05/04/17,43075,42830
RELIANCE,EQ,959.5,24/11/17,506.4,23/01/17,43063,42758
RELIGARE,EQ,257.8,25/01/17,34.1,28/09/17,42760,43006
RELINFRA,EQ,620.05,12/05/17,390.55,15/11/17,42867,43054
RELNV20,EQ,539.99,31/10/17,376.86,01/02/17,43039,42767
REMSONSIND,BE,146.8,08/12/17,47.6,23/05/17,43077,42878
RENUKA,EQ,22.5,26/07/17,12.4,12/06/17,42942,42898
REPCOHOME,EQ,924,13/06/17,549.6,09/11/17,42899,43048
REPRO,EQ,862.25,11/12/17,373.55,06/02/17,43080,42772
RESPONIND,EQ,107,03/03/17,34.5,05/10/17,42797,43013
REVATHI,EQ,1063.5,27/04/17,550.2,16/01/17,42852,42751
RHFL,EQ,113,26/09/17,62.25,15/11/17,43004,43054
RICOAUTO,EQ,110.9,24/10/17,47.7,23/06/17,43032,42909
RIIL,EQ,683.5,02/01/18,388.25,01/02/17,43102,42767
RJL,EQ,384.8,21/12/17,129,20/01/17,43090,42755
RKDL,BE,24.95,08/01/18,7.25,11/08/17,43108,42958
RKFORGE,EQ,890.9,05/01/18,338.55,11/01/17,43105,42746
RMCL,EQ,41.05,03/10/17,22.55,13/01/17,43011,42748
RML,EQ,826,08/12/17,395.3,01/02/17,43077,42767
RNAM,EQ,311,01/01/18,237.5,16/11/17,43101,43055
RNAVAL,EQ,72.65,02/01/18,33.65,18/12/17,43102,43087
ROHLTD,EQ,216.4,09/01/18,75.25,11/01/17,43109,42746
ROLLT,BE,19.9,13/01/17,3.7,29/06/17,42748,42915
ROLTA,EQ,82.15,08/01/18,51.05,11/08/17,43108,42958
ROSSELLIND,EQ,149.75,29/11/17,87.1,19/06/17,43068,42905
RPGLIFE,EQ,610.05,11/01/18,296.7,16/08/17,43111,42963
RPOWER,EQ,65.2,02/01/18,34.6,15/11/17,43102,43054
RPPINFRA,EQ,362.75,10/02/17,211,01/06/17,42776,42887
RRSLGETF,EQ,17.46,06/09/17,16.5,15/03/17,42984,42809
RSSOFTWARE,EQ,117.4,11/01/17,58.85,22/08/17,42746,42969
RSWM,EQ,511.9,06/02/17,303.5,28/09/17,42772,43006
RSYSTEMS,EQ,62.95,18/01/17,35,11/08/17,42753,42958
RTNINFRA,BE,11.75,10/11/17,2.9,02/02/17,43049,42768
RTNPOWER,EQ,9.6,24/04/17,5.3,07/11/17,42849,43046
RUBYMILLS,EQ,457,21/04/17,286.5,30/03/17,42846,42824
RUCHINFRA,BE,5.5,05/12/17,2.6,06/09/17,43074,42984
RUCHIRA,EQ,216,11/01/18,104.4,11/01/17,43111,42746
RUCHISOYA,EQ,33.75,02/11/17,15.25,15/12/17,43041,43084
RUPA,EQ,589.95,15/06/17,245,16/02/17,42901,42782
RUSHIL,EQ,1195,02/11/17,518,19/04/17,43041,42844
SABEVENTS,EQ,58.5,17/02/17,10.45,23/11/17,42783,43062
SABTN,BE,305,11/01/17,13.55,24/11/17,42746,43063
SADBHAV,EQ,440,11/01/18,261.05,11/08/17,43111,42958
SADBHIN,EQ,157.3,11/01/18,88.15,27/09/17,43111,43005
SAGCEM,EQ,1175.5,04/01/18,666.5,17/01/17,43104,42752
SAIL,EQ,101.45,08/01/18,52.85,28/09/17,43108,43006
SAKHTISUG,EQ,44.45,07/02/17,21.7,27/12/17,42773,43096
SAKSOFT,EQ,340,12/01/17,175.05,11/08/17,42747,42958
SAKUMA,BE,282.55,08/11/17,60,15/02/17,43047,42781
SALASAR,EQ,344.7,08/01/18,198,22/08/17,43108,42969
SALONA,BE,213,01/01/18,39,23/01/17,43101,42758
SALORAINTL,BE,72.5,16/03/17,41.4,28/08/17,42810,42975
SALSTEEL,BE,8.9,18/10/17,3.85,31/01/17,43026,42766
SALZERELEC,EQ,245.9,12/12/17,166.85,28/09/17,43081,43006
SAMBHAAV,EQ,16.65,27/12/17,5.5,31/01/17,43096,42766
SAMTEL,BE,1.7,11/01/18,0.4,20/11/17,43111,43059
SANCO,EQ,145,13/02/17,48.5,11/12/17,42779,43080
SANDESH,EQ,1508.9,29/12/17,801.15,10/07/17,43098,42926
SANGAMIND,EQ,325.8,25/04/17,182,18/12/17,42850,43087
SANGHIIND,EQ,143.9,28/12/17,55.6,30/01/17,43097,42765
SANGHVIFOR,EQ,50.8,26/04/17,32.2,16/10/17,42851,43024
SANGHVIMOV,EQ,274.4,27/04/17,130.1,28/09/17,42852,43006
SANOFI,EQ,4980,27/12/17,3940,11/09/17,43096,42989
SANWARIA,BE,34.4,08/01/18,3.33,23/01/17,43108,42758
SARDAEN,EQ,612.8,10/01/18,228.6,01/02/17,43110,42767
SAREGAMA,EQ,960,17/11/17,199.7,17/02/17,43056,42783
SARLAPOLY,EQ,82.55,04/01/18,41.5,23/08/17,43104,42970
SASKEN,EQ,769,02/01/18,375.05,20/03/17,43102,42814
SASTASUNDR,BE,152.95,09/05/17,69,13/01/17,42864,42748
SATHAISPAT,EQ,76,11/01/17,30.75,18/12/17,42746,43087
SATIN,EQ,512.7,08/01/18,242.05,12/06/17,43108,42898
SBILIFE,EQ,740,03/10/17,629,08/11/17,43011,43047
SBIN,EQ,351.3,26/10/17,241.15,19/10/17,43034,43027
SCAPDVR,EQ,7,11/01/18,2.6,23/11/17,43111,43062
SCHAEFFLER,EQ,5988.7,28/12/17,3773.7,23/01/17,43097,42758
SCHAND,EQ,700,09/05/17,425.45,11/08/17,42864,42958
SCHNEIDER,EQ,162,25/04/17,115,10/08/17,42850,42957
SCI,EQ,113.4,02/11/17,61.8,10/03/17,43041,42804
SDBL,EQ,264,11/01/18,117,06/03/17,43111,42800
SEAMECLTD,BE,195,07/08/17,78.2,03/02/17,42954,42769
SEINV,EQ,269,14/09/17,140.05,11/08/17,42992,42958
SELAN,BE,270,09/11/17,154.6,29/03/17,43048,42823
SELMCL,EQ,4.45,13/04/17,2.05,03/10/17,42838,43011
SENSEXIWIN,EQ,393,18/12/17,230,16/01/17,43087,42751
SEPOWER,BE,21.35,12/01/17,6.6,14/08/17,42747,42961
SEQUENT,EQ,152.2,03/02/17,95.5,11/01/18,42769,43111
SERVALL,BZ,4.3,30/01/17,0.9,06/09/17,42765,42984
SESHAPAPER,EQ,1048,09/01/18,642.25,11/08/17,43109,42958
SETCO,EQ,72.75,11/01/18,33.3,06/03/17,43111,42800
SETF10GILT,EQ,193.28,23/01/17,145.4,01/01/18,42758,43101
SETFGOLD,EQ,2794.4,08/09/17,2536,10/07/17,42986,42926
SETFNIF50,EQ,119.5,11/08/17,84.79,11/01/17,42958,42746
SETFNIFBK,EQ,300,07/08/17,188.4,11/01/17,42954,42746
SETFNN50,EQ,330,06/10/17,221,18/01/17,43014,42753
SEZAL,BZ,9.95,12/01/17,3.8,27/12/17,42747,43096
SFL,EQ,1850,20/11/17,925,24/01/17,43059,42759
SGL,EQ,24.5,02/01/18,11.1,24/03/17,43102,42818
SHAHALLOYS,EQ,23.9,31/07/17,14.05,28/02/17,42947,42794
SHAKTIPUMP,EQ,557,01/09/17,139.6,13/01/17,42979,42748
SHALBY,EQ,274.4,09/01/18,209.9,28/12/17,43109,43097
SHALPAINTS,EQ,302.45,17/05/17,132.08,03/03/17,42872,42797
SHANKARA,EQ,2364.8,05/12/17,555,05/04/17,43074,42830
SHANTIGEAR,EQ,179.1,21/12/17,98.5,17/02/17,43090,42783
SHARDACROP,EQ,570,22/05/17,382.55,18/12/17,42877,43087
SHARDAMOTR,EQ,3140,05/09/17,1111,11/01/17,42983,42746
SHARIABEES,EQ,278.51,17/07/17,189,24/01/17,42933,42759
SHARONBIO,BZ,9.9,20/09/17,4.95,06/07/17,42998,42922
SHEMAROO,EQ,478.95,22/12/17,317.5,26/05/17,43091,42881
SHILPAMED,EQ,749.9,12/04/17,535.1,11/08/17,42837,42958
SHILPI,BZ,252,13/04/17,10.1,19/12/17,42838,43088
SHIRPUR-G,EQ,234.8,22/12/17,89,08/03/17,43091,42802
SHIVAMAUTO,EQ,107.9,23/10/17,41.9,28/02/17,43031,42794
SHIVATEX,EQ,659,11/01/18,435,26/12/17,43111,43095
SHK,EQ,333.6,11/01/17,236,31/08/17,42746,42978
SHOPERSTOP,EQ,603,02/11/17,281.5,01/02/17,43041,42767
SHREECEM,EQ,20538,15/05/17,14334.9,11/01/17,42870,42746
SHREEPUSHK,EQ,336.7,10/01/18,168.4,11/08/17,43110,42958
SHREERAMA,BE,20.2,01/01/18,12,03/04/17,43101,42828
SHREYANIND,EQ,245,08/01/18,93.7,25/01/17,43108,42760
SHREYAS,EQ,646.8,11/01/18,210,13/01/17,43111,42748
SHRIPISTON,BE,2498.4,18/07/17,1130.1,20/03/17,42934,42814
SHRIRAMCIT,EQ,2616.4,05/07/17,1823.5,12/01/17,42921,42747
SHRIRAMEPC,EQ,33.9,27/12/17,17.2,18/10/17,43096,43026
SHYAMCENT,BE,18.65,10/11/17,6.95,03/03/17,43049,42797
SICAGEN,EQ,64,10/01/18,23.2,10/03/17,43110,42804
SICAL,EQ,286,11/05/17,197.95,25/09/17,42866,43003
SIEMENS,EQ,1471.35,10/05/17,1119.45,06/12/17,42865,43075
SIGNET,BE,27.6,27/01/17,6.8,06/10/17,42762,43014
SIL,BE,29.3,31/10/17,21.6,30/03/17,43039,42824
SILINV,BE,581.7,07/12/17,119.25,12/01/17,43076,42747
SIMBHALS,EQ,41.95,11/01/17,23.2,18/12/17,42746,43087
SIMPLEX,BE,66.75,01/11/17,22.5,11/01/17,43040,42746
SIMPLEXINF,EQ,617.6,06/12/17,273.55,10/03/17,43075,42804
SINTEX,EQ,121.4,17/05/17,16.15,25/05/17,42872,42880
SIS,EQ,1295.05,21/12/17,705.1,11/08/17,43090,42958
SITASHREE,BE,8.55,20/01/17,3.35,28/06/17,42755,42914
SITINET,EQ,41.45,27/03/17,23,23/08/17,42821,42970
SIYSIL,EQ,782.05,06/12/17,268.72,16/01/17,43075,42751
SJVN,EQ,40.15,05/01/18,29.75,21/08/17,43105,42968
SKFINDIA,EQ,1970,01/01/18,1261.05,16/01/17,43101,42751
SKIL,BE,51,09/01/18,18.5,31/03/17,43109,42825
SKIPPER,EQ,292.3,27/11/17,141,10/03/17,43066,42804
SKMEGGPROD,EQ,115.9,21/11/17,58.1,12/01/17,43060,42747
SMARTLINK,EQ,137,10/01/18,83.95,11/08/17,43110,42958
SMLISUZU,EQ,1388,24/04/17,830,18/12/17,42849,43087
SMPL,BE,3.05,07/02/17,1.25,27/09/17,42773,43005
SMSLIFE,EQ,549.65,25/09/17,128.45,17/08/17,43003,42964
SMSPHARMA,EQ,120.7,22/09/17,65,11/08/17,43000,42958
SNOWMAN,EQ,67.7,09/01/18,46.2,11/08/17,43109,42958
SOBHA,EQ,694.9,08/01/18,255,23/01/17,43108,42758
SOLARINDS,EQ,1272.8,07/12/17,690.2,11/01/17,43076,42746
SOMANYCERA,EQ,977.6,05/01/18,470.05,11/01/17,43105,42746
SOMATEX,BE,25.15,28/11/17,8.55,31/01/17,43067,42766
SOMICONVEY,EQ,86.4,10/01/18,40.05,15/09/17,43110,42993
SONASTEER,EQ,131.9,07/07/17,67.55,18/01/17,42923,42753
SONATSOFTW,EQ,312,11/01/18,143,25/05/17,43111,42880
SORILHOLD,BE,253.4,11/12/17,21.3,07/02/17,43080,42773
SORILINFRA,EQ,398.4,22/11/17,88.6,11/08/17,43061,42958
SOTL,EQ,1670,04/01/18,725,11/01/17,43104,42746
SOUTHBANK,EQ,34.75,09/01/18,18.86,01/02/17,43109,42767
SPAL,EQ,484,22/06/17,345,18/05/17,42908,42873
SPARC,EQ,527,28/12/17,272,30/05/17,43097,42885
SPECIALITY,EQ,194.9,30/11/17,59.5,15/03/17,43069,42809
SPENTEX,BE,9.05,11/01/18,2.9,30/05/17,43111,42885
SPHEREGSL,EQ,78.75,27/01/17,38.25,28/09/17,42762,43006
SPIC,EQ,57.85,05/01/18,20.5,10/03/17,43105,42804
SPICEMOBI,EQ,33.95,18/07/17,12.45,12/06/17,42934,42898
SPLIL,EQ,32.1,27/01/17,17.05,11/08/17,42762,42958
SPMLINFRA,EQ,188,24/07/17,48.6,27/01/17,42940,42762
SPTL,EQ,136.5,08/08/17,66.55,18/12/17,42955,43087
SPYL,BE,1.5,11/01/17,0.2,01/09/17,42746,42979
SQSBFSI,EQ,784,02/02/17,405,22/08/17,42768,42969
SREEL,EQ,342,21/12/17,116.3,18/04/17,43090,42843
SREINFRA,EQ,138,21/07/17,80.2,30/03/17,42937,42824
SRF,EQ,2022,01/01/18,1415.25,09/08/17,43101,42956
SRHHYPOLTD,EQ,264.25,24/10/17,110,15/03/17,43032,42809
SRIPIPES,EQ,448.6,11/01/18,274.3,01/02/17,43111,42767
SRSLTD,EQ,8.25,30/01/17,1.6,10/01/18,42765,43110
SRTRANSFIN,EQ,1545.9,10/01/18,888.2,03/03/17,43110,42797
SSWL,EQ,1224.5,10/01/18,659,13/02/17,43110,42779
STAMPEDE,BE,26.9,11/01/17,4.9,23/11/17,42746,43062
STAR,EQ,1274.7,03/02/17,752.3,09/11/17,42769,43048
STARCEMENT,EQ,151.9,09/01/18,102.3,09/10/17,43109,43017
STARPAPER,EQ,302.5,21/12/17,131.1,21/03/17,43090,42815
STCINDIA,BE,299,07/11/17,139.2,24/05/17,43046,42879
STEELXIND,EQ,133.55,29/11/17,32.05,22/12/17,43068,43091
STEL,EQ,147.1,04/01/18,49.95,16/01/17,43104,42751
STERLINBIO,EQ,6.8,12/04/17,3.1,18/12/17,42837,43087
STERTOOLS,EQ,478,08/12/17,173.2,01/02/17,43077,42767
STINDIA,BE,31.95,19/01/17,9.7,11/08/17,42754,42958
STRTECH,EQ,382.95,11/01/18,102.5,13/01/17,43111,42748
SUBEX,EQ,12.35,06/02/17,7.65,11/08/17,42772,42958
SUBROS,EQ,441,11/01/18,166.05,11/01/17,43111,42746
SUDARSCHEM,EQ,472,05/01/18,316.1,11/08/17,43105,42958
SUJANAUNI,BE,1.85,25/01/17,0.8,20/12/17,42760,43089
SUMEETINDS,EQ,41.76,18/05/17,21.85,11/08/17,42873,42958
SUMMITSEC,EQ,1350,01/01/18,391.25,16/02/17,43101,42782
SUNCLAYLTD,EQ,6299.9,16/10/17,2895,16/01/17,43024,42751
SUNDARAM,EQ,6,26/12/17,2.55,11/08/17,43095,42958
SUNDARMFIN,EQ,2010,10/01/18,1200.55,16/01/17,43110,42751
SUNDRMBRAK,EQ,836.7,09/10/17,356.6,27/03/17,43017,42821
SUNDRMFAST,EQ,598,21/12/17,303.45,11/01/17,43090,42746
SUNFLAG,EQ,87.8,03/11/17,33.15,31/01/17,43042,42766
SUNILHITEC,EQ,16.25,24/10/17,10.1,08/03/17,43032,42802
SUNPHARMA,EQ,729.05,14/03/17,432.7,14/08/17,42808,42961
SUNTECK,EQ,435,19/12/17,117.55,03/02/17,43088,42769
SUNTV,EQ,1053.15,09/01/18,515.05,23/01/17,43109,42758
SUPERHOUSE,EQ,227.6,01/11/17,136.5,29/06/17,43040,42915
SUPERSPIN,BE,24.6,04/12/17,10.9,14/03/17,43073,42808
SUPPETRO,EQ,446.8,27/04/17,207.9,23/01/17,42852,42758
SUPRAJIT,EQ,347.9,03/01/18,182.1,01/02/17,43103,42767
SUPREMEIND,EQ,1442.6,10/07/17,865,17/01/17,42926,42752
SUPREMEINF,EQ,130.5,03/01/18,69.8,31/05/17,43103,42886
SUPREMETEX,EQ,7.1,13/01/17,1.8,24/11/17,42748,43063
SURANACORP,BE,1.4,01/08/17,1.05,11/01/18,42948,43111
SURANAIND,EQ,5.4,11/04/17,2.45,19/01/17,42836,42754
SURANASOL,BE,27.65,17/05/17,14,18/08/17,42872,42965
SURANAT&P,BE,9.3,02/11/17,3.35,31/05/17,43041,42886
SURYALAXMI,EQ,139.25,11/01/17,81.6,03/10/17,42746,43011
SURYAROSNI,EQ,439.2,11/01/18,180.8,16/02/17,43111,42782
SUTLEJTEX,EQ,120,10/11/17,72.77,11/08/17,43049,42958
SUVEN,EQ,230.4,17/10/17,155,11/08/17,43025,42958
SUZLON,EQ,22.25,22/05/17,12.8,16/11/17,42877,43055
SWANENERGY,EQ,217.9,10/01/18,109.1,11/08/17,43110,42958
SWARAJENG,EQ,2423.95,19/06/17,1316,17/03/17,42905,42811
SWELECTES,EQ,658.8,10/07/17,323.3,23/02/17,42926,42789
SYMPHONY,EQ,2209,11/01/18,1151.85,11/08/17,43111,42958
SYNCOM,EQ,7.4,01/01/18,4.1,11/08/17,43101,42958
SYNDIBANK,EQ,95.9,27/11/17,61.5,11/08/17,43066,42958
SYNGENE,EQ,617.55,12/01/17,430.1,11/08/17,42747,42958
TAINWALCHM,EQ,150.7,20/09/17,43,20/02/17,42998,42786
TAJGVK,EQ,202.8,08/01/18,118,18/01/17,43108,42753
TAKE,EQ,183.5,30/10/17,118.2,26/05/17,43038,42881
TALBROAUTO,EQ,354,09/01/18,122.1,03/03/17,43109,42797
TALWALKARS,EQ,340,22/12/17,210.25,23/02/17,43091,42789
TANLA,EQ,66.4,27/01/17,29.5,11/08/17,42762,42958
TANTIACONS,BE,25.3,02/02/17,14.35,24/10/17,42768,43032
TARAJEWELS,EQ,48.7,10/02/17,16.1,21/12/17,42776,43090
TARAPUR,EQ,11.3,06/02/17,5.2,30/08/17,42772,42977
TARMAT,EQ,83.4,19/12/17,30.35,11/08/17,43088,42958
TASTYBITE,EQ,11100,04/01/18,4211.55,23/03/17,43104,42817
TATACHEM,EQ,782,11/01/18,507.5,11/01/17,43111,42746
TATACOFFEE,EQ,183.5,29/11/17,114.5,11/01/17,43068,42746
TATACOMM,EQ,783.9,17/03/17,570.45,10/08/17,42811,42957
TATAELXSI,EQ,1057.2,11/01/18,641.18,24/05/17,43111,42879
TATAGLOBAL,EQ,319.65,09/01/18,124.05,12/01/17,43109,42747
TATAINVEST,EQ,957.85,10/01/18,567.95,16/01/17,43110,42751
TATAMETALI,EQ,975.5,10/01/18,342.05,23/01/17,43110,42758
TATAMOTORS,EQ,552,27/01/17,358.5,11/08/17,42762,42958
TATAMTRDVR,EQ,345.7,01/02/17,207.8,08/09/17,42767,42986
TATAPOWER,EQ,101.8,05/01/18,75.8,10/08/17,43105,42957
TATASPONGE,EQ,1234,10/01/18,589.55,31/01/17,43110,42766
TATASTEEL,EQ,780.85,09/01/18,428,05/05/17,43109,42860
TBZ,EQ,148.5,27/11/17,61.4,15/03/17,43066,42809
TCI,EQ,349,06/07/17,153,12/01/17,42922,42747
TCIDEVELOP,BE,619.5,30/11/17,330,16/01/17,43069,42751
TCIEXP,EQ,667,10/07/17,280,31/01/17,42926,42766
TCIFINANCE,EQ,35.2,09/01/18,20.4,23/08/17,43109,42970
TCPLPACK,EQ,748,19/10/17,580,12/12/17,43027,43081
TCS,EQ,2821.9,11/01/18,2153,02/02/17,43111,42768
TDPOWERSYS,EQ,269.9,15/05/17,153,28/02/17,42870,42794
TEAMLEASE,EQ,2543.7,26/12/17,840.05,22/02/17,43095,42788
TECHIN,BE,16.45,07/12/17,3.7,31/01/17,43076,42766
TECHM,EQ,555.85,11/01/18,356.65,29/05/17,43111,42884
TECHNO,EQ,438.9,08/06/17,312.4,27/09/17,42894,43005
TECHNOFAB,BE,344,30/11/17,178.15,16/01/17,43069,42751
TEJASNET,EQ,472,09/01/18,257,27/06/17,43109,42913
TERASOFT,EQ,128.9,11/01/17,52.2,10/10/17,42746,43018
TEXINFRA,EQ,78.8,27/11/17,40.4,03/04/17,43066,42828
TEXMOPIPES,BE,34.8,27/11/17,17.75,14/03/17,43066,42808
TEXRAIL,EQ,129.3,28/11/17,83.25,11/08/17,43067,42958
TFCILTD,EQ,177,11/01/18,55.35,13/01/17,43111,42748
TFL,BE,22.45,08/05/17,9.2,31/03/17,42863,42825
TGBHOTELS,EQ,77.9,16/05/17,47.4,11/08/17,42871,42958
THANGAMAYL,EQ,699.15,12/12/17,178.1,20/02/17,43081,42786
THEMISMED,EQ,799,02/01/18,387.6,28/08/17,43102,42975
THERMAX,EQ,1360,09/01/18,786,30/01/17,43109,42765
THIRUSUGAR,EQ,82.5,07/02/17,51.1,11/08/17,42773,42958
THOMASCOOK,EQ,265,28/12/17,186.35,28/02/17,43097,42794
THOMASCOTT,BE,21.35,01/08/17,11.1,25/01/17,42948,42760
THYROCARE,EQ,871,10/07/17,641.3,05/12/17,42926,43074
TI,BE,25,27/11/17,10.2,30/05/17,43066,42885
TIDEWATER,EQ,7950,04/01/18,5380,23/05/17,43104,42878
TIFIN,EQ,724.8,27/12/17,530,29/09/17,43096,43007
TIIL,EQ,554.9,28/12/17,383.1,27/09/17,43097,43005
TIINDIA,EQ,308.9,16/11/17,215.7,06/12/17,43055,43075
TIJARIA,EQ,14.9,11/01/18,5.65,30/03/17,43111,42824
TIL,EQ,684,21/12/17,268,25/01/17,43090,42760
TIMESGTY,EQ,97.7,11/01/18,22,07/02/17,43111,42773
TIMETECHNO,EQ,232.8,09/01/18,85.4,31/01/17,43109,42766
TIMKEN,EQ,975,10/01/18,594.1,10/03/17,43110,42804
TINPLATE,EQ,319.45,10/01/18,76.5,29/03/17,43110,42823
TIPSINDLTD,BE,159.4,15/11/17,56,24/05/17,43054,42879
TIRUMALCHM,EQ,2440,09/01/18,728,20/01/17,43109,42755
TITAN,EQ,938.5,09/01/18,355,13/01/17,43109,42748
TMRVL,EQ,246.3,17/03/17,114.8,22/11/17,42811,43061
TNPETRO,EQ,83.9,27/11/17,26.25,01/02/17,43066,42767
TNPL,EQ,499,08/01/18,285.5,11/09/17,43108,42989
TNTELE,BE,4.2,23/02/17,1.85,26/07/17,42789,42942
TOKYOPLAST,EQ,169.6,03/07/17,97.15,09/02/17,42919,42775
TORNTPHARM,EQ,1575.25,31/03/17,1141.95,29/05/17,42825,42884
TORNTPOWER,EQ,299.75,10/01/18,171.5,27/06/17,43110,42913
TPLPLASTEH,EQ,781,04/01/18,425,14/08/17,43104,42961
TREEHOUSE,BE,28.15,12/01/17,12,16/11/17,42747,43055
TRENT,EQ,361,28/11/17,196.1,12/01/17,43067,42747
TRF,BE,322,01/12/17,184,28/02/17,43070,42794
TRIDENT,EQ,109.5,20/09/17,59.75,12/01/17,42998,42747
TRIGYN,EQ,163.75,18/05/17,87.75,05/10/17,42873,43013
TRIL,EQ,47.59,13/04/17,29,11/08/17,42838,42958
TRITURBINE,EQ,167.25,04/07/17,112.15,16/01/17,42920,42751
TRIVENI,EQ,108,08/08/17,67.15,23/01/17,42955,42758
TTKHLTCARE,EQ,945,09/11/17,680,11/08/17,43048,42958
TTKPRESTIG,EQ,8474,20/12/17,5300,20/02/17,43089,42786
TTL,EQ,141.45,04/01/18,45.8,23/01/17,43104,42758
TTML,BE,10.45,02/03/17,3.7,11/10/17,42796,43019
TV18BRDCST,EQ,64.9,08/01/18,33.05,24/05/17,43108,42879
TVSELECT,BE,545.65,11/10/17,164.4,22/03/17,43019,42816
TVSMOTOR,EQ,794.45,02/01/18,375.5,17/01/17,43102,42752
TVSSRICHAK,EQ,4340,04/05/17,2925.15,06/03/17,42859,42800
TVTODAY,EQ,476.3,27/12/17,210,10/08/17,43096,42957
TVVISION,BE,314.5,12/01/17,15,18/12/17,42747,43087
TWL,EQ,189.7,01/12/17,97.3,16/02/17,43070,42782
UBL,EQ,1198.75,11/01/18,717.2,18/04/17,43111,42843
UCALFUEL,EQ,330,26/12/17,175,10/03/17,43095,42804
UCOBANK,EQ,44.75,05/05/17,28.8,11/08/17,42860,42958
UFLEX,EQ,506.9,26/12/17,254.7,15/02/17,43095,42781
UFO,EQ,620,08/01/18,314.1,11/08/17,43108,42958
UGARSUGAR,EQ,43.1,08/02/17,21.8,17/11/17,42774,43056
UJAAS,EQ,48.4,11/01/17,20.6,29/08/17,42746,42976
UJJIVAN,EQ,464.3,06/03/17,285,04/08/17,42800,42951
ULTRACEMCO,EQ,4533.1,16/05/17,3288.35,11/01/17,42871,42746
UMANGDAIRY,EQ,106.8,09/01/18,63.5,29/09/17,43109,43007
UNICHEMLAB,EQ,382,08/01/18,231,04/09/17,43108,42982
UNIENTER,EQ,109.95,20/09/17,65.7,14/03/17,42998,42808
UNIONBANK,EQ,205.1,05/05/17,123.7,12/10/17,42860,43020
UNIPLY,EQ,468,29/11/17,212.6,19/01/17,43068,42754
UNITECH,EQ,12.25,02/01/18,4.4,16/01/17,43102,42751
UNITEDBNK,EQ,29.45,07/02/17,16.8,18/12/17,42773,43087
UNITEDTEA,BE,575.95,31/10/17,267.8,11/08/17,43039,42958
UNITY,BE,10.7,07/02/17,4.6,13/10/17,42773,43021
UNIVCABLES,EQ,209.9,14/11/17,78,11/01/17,43053,42746
UPL,EQ,902.5,01/08/17,658,11/01/17,42948,42746
URJA,BE,8.25,11/01/18,0.8,28/08/17,43111,42975
USHAMART,EQ,28.85,03/11/17,16.9,02/06/17,43042,42888
USHERAGRO,BE,14.15,20/01/17,5.85,28/09/17,42755,43006
UTINEXT50,EQ,335.9,21/12/17,226.4,28/08/17,43090,42975
UTINIFTETF,EQ,1102.8,10/01/18,755.9,25/04/17,43110,42850
UTISENSETF,EQ,368,27/12/17,273.65,11/01/17,43096,42746
UTTAMSTL,EQ,36.7,02/05/17,21,04/01/18,42857,43104
UTTAMSUGAR,EQ,210.9,06/09/17,70,23/01/17,42984,42758
UVSL,EQ,0.9,17/02/17,0.3,11/01/18,42783,43111
V2RETAIL,EQ,555.55,12/12/17,128.95,11/01/17,43081,42746
VADILALIND,EQ,1173.4,06/09/17,513.1,16/01/17,42984,42751
VAIBHAVGBL,EQ,770.2,26/12/17,293,11/01/17,43095,42746
VAKRANGEE,EQ,451,11/01/18,135,11/01/17,43111,42746
VALUEIND,BE,15.9,19/04/17,5.7,13/11/17,42844,43052
VARDHACRLC,EQ,59.25,28/12/17,42.7,10/10/17,43097,43018
VARDMNPOLY,EQ,87.1,17/01/17,31,23/10/17,42752,43031
VASCONEQ,EQ,58.75,15/05/17,27,10/08/17,42870,42957
VASWANI,EQ,24.6,20/09/17,7.5,30/06/17,42998,42916
VBL,EQ,758.8,02/01/18,340,14/03/17,43102,42808
VEDL,EQ,346.4,03/11/17,217.75,05/05/17,43042,42860
VENKEYS,EQ,3050,22/11/17,470.15,12/01/17,43061,42747
VENUSREM,EQ,126,08/01/18,88.1,21/08/17,43108,42968
VESUVIUS,EQ,1490,21/07/17,1115.5,11/01/17,42937,42746
VETO,EQ,265.5,27/12/17,127,16/02/17,43096,42782
VGUARD,EQ,245.4,01/01/18,115.71,13/01/17,43101,42748
VHL,EQ,6200,05/01/18,1816,16/01/17,43105,42751
VICEROY,EQ,24.7,25/04/17,15.5,11/08/17,42850,42958
VIDEOIND,EQ,110,06/03/17,12.1,23/11/17,42800,43062
VIDHIING,EQ,115.9,20/12/17,48.2,13/02/17,43089,42779
VIJAYABANK,EQ,97.4,09/05/17,50.15,20/01/17,42864,42755
VIJIFIN,BE,11.75,09/01/18,3.41,31/07/17,43109,42947
VIJSHAN,EQ,36.15,22/12/17,11.25,22/02/17,43091,42788
VIKASECO,EQ,48.5,04/01/18,15.8,16/01/17,43104,42751
VIMALOIL,BE,52.5,07/03/17,11.05,12/10/17,42801,43020
VIMTALABS,EQ,182.8,21/12/17,102.6,20/01/17,43090,42755
VINATIORGA,EQ,1125.05,08/08/17,650,11/01/17,42955,42746
VINDHYATEL,EQ,1475.25,14/11/17,595.1,16/02/17,43053,42782
VINYLINDIA,EQ,121.9,26/12/17,61,16/03/17,43095,42810
VIPCLOTHNG,EQ,101.2,08/01/18,42.21,10/03/17,43108,42804
VIPIND,EQ,393,28/11/17,119.4,16/01/17,43067,42751
VIPULLTD,EQ,104,09/11/17,57.5,24/03/17,43048,42818
VISAKAIND,EQ,806,08/01/18,192,11/01/17,43108,42746
VISASTEEL,BE,30.1,04/05/17,14.65,31/08/17,42859,42978
VISESHINFO,EQ,0.3,01/02/17,0.05,01/01/18,42767,43101
VISHNU,BE,435.9,06/11/17,215,23/06/17,43045,42909
VIVIDHA,EQ,2.8,10/02/17,0.75,31/08/17,42776,42978
VIVIMEDLAB,EQ,153.5,21/09/17,91.35,01/02/17,42999,42767
VLSFINANCE,EQ,104.8,22/12/17,52.55,01/02/17,43091,42767
VMART,EQ,1775,10/01/18,466.5,20/01/17,43110,42755
VOLTAMP,EQ,1426,10/07/17,920.1,13/01/17,42926,42748
VOLTAS,EQ,675.3,28/12/17,320.4,01/02/17,43097,42767
VRLLOG,EQ,444.45,26/12/17,280,16/01/17,43095,42751
VSSL,EQ,194.95,31/10/17,66.42,11/01/17,43039,42746
VSTIND,EQ,3875,03/07/17,2363.05,01/02/17,42919,42767
VSTTILLERS,EQ,2723.95,09/01/18,1764,03/04/17,43109,42828
VTL,EQ,1559.95,03/01/18,1090,12/01/17,43103,42747
WABAG,EQ,749.9,21/06/17,479,02/02/17,42907,42768
WABCOINDIA,EQ,7678,10/01/18,5080,17/01/17,43110,42752
WALCHANNAG,EQ,272.7,28/11/17,134.7,22/08/17,43067,42969
WANBURY,BE,75.4,14/02/17,32.95,14/11/17,42780,43053
WEBELSOLAR,EQ,176.8,10/01/18,47.95,14/03/17,43110,42808
WEIZFOREX,EQ,1655.4,05/12/17,169.1,11/01/17,43074,42746
WEIZMANIND,EQ,82.45,13/12/17,27.15,15/02/17,43082,42781
WELCORP,EQ,165.5,06/11/17,78.7,24/01/17,43045,42759
WELENT,EQ,197.65,10/01/18,60.4,16/01/17,43110,42751
WELINV,BE,366.7,04/01/18,78.2,18/01/17,43104,42753
WELSPUNIND,EQ,99.7,03/05/17,60.7,17/10/17,42858,43025
WENDT,EQ,4270,03/01/18,1769,13/01/17,43103,42748
WHEELS,EQ,2346.65,28/12/17,1204.6,07/02/17,43097,42773
WHIRLPOOL,EQ,1658,01/01/18,891.25,11/01/17,43101,42746
WILLAMAGOR,BE,128.5,11/01/18,53.75,12/01/17,43111,42747
WINDMACHIN,EQ,129,09/01/18,43.3,31/01/17,43109,42766
WINSOME,EQ,2.6,08/09/17,1.75,24/05/17,42986,42879
WIPL,BE,87,16/05/17,35.05,18/04/17,42871,42843
WIPRO,EQ,327.85,10/01/18,222.68,31/01/17,43110,42766
WOCKPHARMA,EQ,1012,08/01/18,530.65,22/08/17,43108,42969
WONDERLA,EQ,421.95,08/01/18,330,11/08/17,43108,42958
WSI,EQ,13.8,30/06/17,5.5,28/11/17,42916,43067
WSTCSTPAPR,EQ,343,26/12/17,131.6,03/02/17,43095,42769
XCHANGING,EQ,70.95,03/10/17,46.25,29/03/17,43011,42823
XLENERGY,BE,4.35,11/01/18,1.4,18/09/17,43111,42996
XPROINDIA,BE,80.75,27/12/17,41.45,11/08/17,43096,42958
YESBANK,EQ,382.9,21/09/17,254.61,11/01/17,42999,42746
ZANDUREALT,BE,2689.95,04/12/17,1111,11/08/17,43073,42958
ZEEL,EQ,599.05,08/01/18,458.1,10/07/17,43108,42926
ZEELEARN,EQ,51.1,29/03/17,38.15,11/08/17,42823,42958
ZEEMEDIA,EQ,49.9,04/01/18,32.8,05/10/17,43104,43013
ZENITHEXPO,EQ,62,19/09/17,46,26/04/17,42997,42851
ZENSARTECH,EQ,955.3,15/02/17,732,09/10/17,42781,43017
ZENTEC,EQ,158.75,01/01/18,46.45,28/09/17,43101,43006
ZICOM,EQ,49,13/02/17,19.15,28/11/17,42779,43067
ZODIACLOTH,EQ,253.9,10/01/18,163.5,19/09/17,43110,42997
ZODJRDMKJ,EQ,55.65,01/08/17,26.65,25/05/17,42948,42880
ZUARI,EQ,690,24/10/17,247,13/01/17,43032,42748
ZUARIGLOB,EQ,320.1,27/11/17,100.65,11/01/17,43066,42746
ZYDUSWELL,EQ,1145,11/01/18,811.65,19/05/17,43111,42874
ZYLOG,EQ,6,27/04/17,2.9,28/09/17,42852,43006
